ID_Material,nom,cost,pes,quantitat,ID_Producte
1,Australian Tallowwood,163.93,125.93,46.91,1000001
2,Rothrock's Keckiella,176.43,93.5,85.99,1000002
3,Arkansas Leastdaisy,92.95,264.84,71.42,1000003
4,Arctic Wormwood,16.5,319.6,93.67,1000004
5,Beggarslice,191.77,263.14,58.39,1000005
6,Tulip Pricklypear,92.8,272.44,66.44,1000006
7,Sharptooth Blacksnakeroot,57.84,350.67,45.7,1000007
8,Woollyfruit Desertparsley,38.55,489.51,77.14,1000008
9,Sphagnum,100.18,151.43,48.42,1000009
10,Japanese Holly,148.98,309.46,86.95,1000010
11,Desert Sweet,188.16,211.97,60.09,1000011
12,Whipple's Fishhook Cactus,25.31,427.77,67.23,1000012
13,Jerusalem Artichoke,122.35,422.83,49.44,1000013
14,Longleaf Aiea,169.72,165.3,12.01,1000014
15,Farr's Willow,80.27,154.82,74.12,1000015
16,Hybrid Oak,33.32,461.02,14.19,1000016
17,Cnidoscolus,150.44,389.85,21.17,1000017
18,Twobristle Rockdaisy,58.45,249.01,66.68,1000018
19,Shaggyfruit Pepperweed,153.3,236.42,94.63,1000019
20,Boott's Sedge,184.87,59.04,66.82,1000020
21,Beach Pine,196.88,98.87,35.74,1000021
22,American Shoreweed,150.72,413.93,11.25,1000022
23,Hawthorn-leaf Crab Apple,191.8,66.24,49.15,1000023
24,Buchu,126.38,356.24,54.83,1000024
25,Hybrid Oak,190.65,133.01,46.42,1000025
26,California Rayless Fleabane,48.94,8.0,34.36,1000026
27,Didymodon Moss,189.8,51.84,9.24,1000027
28,Peniocereus,60.98,381.79,33.6,1000028
29,Moss Campion,40.83,250.82,93.17,1000029
30,Geyer's Aster,180.46,222.85,95.56,1000030
31,Sutherland Hawthorn,101.57,176.41,52.24,1000031
32,Fourpetal Pussypaws,30.3,128.22,5.0,1000032
33,Damasonium,104.34,160.2,9.13,1000033
34,Amethyst Eryngo,30.19,111.9,17.52,1000034
35,Crownscale,72.06,182.1,26.68,1000035
36,Wright's Spotted Felt Lichen,154.25,69.7,72.43,1000036
37,Eggleaf Twayblade,90.66,129.57,7.17,1000037
38,Colorado Aletes,155.36,12.2,60.46,1000038
39,Kou,76.18,283.59,10.31,1000039
40,Fascicled Beaksedge,107.35,335.39,89.83,1000040
41,Cape Thompson Draba,9.7,142.12,67.68,1000041
42,California Grass Of Parnassus,151.39,459.88,34.92,1000042
43,Lone Pine Beardtongue,19.92,473.8,82.52,1000043
44,Thompson's Dalea,24.15,446.16,42.05,1000044
45,Red Barberry,95.75,241.75,85.38,1000045
46,Bottlebrush Sedge,25.08,48.78,39.46,1000046
47,Spotted Water Hemlock,48.22,91.98,42.09,1000047
48,Beaked Agrimony,83.96,11.23,4.09,1000048
49,Blue Cohosh,140.61,358.77,76.32,1000049
50,Dense Sedge,136.63,97.02,73.54,1000050
51,Ramonia,38.67,218.88,4.24,1000051
52,Oregon Stonecrop,80.72,122.24,1.15,1000052
53,Wild Tantan,122.18,262.46,95.44,1000053
54,Shorea,83.69,190.15,15.14,1000054
55,Silkreed,128.63,351.95,27.32,1000055
56,Western Tansymustard,158.47,440.6,95.62,1000056
57,Howard's Alpine Forget-me-not,19.18,304.08,24.84,1000057
58,Wood,72.04,16.44,60.28,1000058
59,Browntop,11.2,36.45,18.52,1000059
60,Scaphyglottis,3.72,89.25,24.25,1000060
61,Bejuco De Mato,190.12,88.49,90.32,1000061
62,Western Rush,121.39,207.08,93.3,1000062
63,Tall Oatgrass,83.53,410.01,5.97,1000063
64,Mohavea,96.01,244.53,65.46,1000064
65,Swamp Milkweed,137.28,363.69,43.07,1000065
66,Panguitch Buckwheat,95.76,447.52,83.5,1000066
67,Bright Green Spikerush,60.11,397.52,47.44,1000067
68,Jute,85.36,178.86,82.53,1000068
69,Robinson's Pepperweed,66.73,353.83,98.99,1000069
70,Trailing Milkvine,26.75,163.9,68.37,1000070
71,Blodgett's Silverbush,122.52,395.74,19.62,1000071
72,Common Crupina,80.22,196.71,13.86,1000072
73,Hairy Ironwort,13.64,296.45,25.64,1000073
74,Tumble Lovegrass,70.38,344.9,66.42,1000074
75,Pincushion Cactus,149.72,204.09,15.68,1000075
76,Poverty Rush,33.16,95.35,98.81,1000076
77,Sugar Maple,140.17,178.16,55.14,1000077
78,Urn Gum,189.49,478.59,9.61,1000078
79,Gooseberryleaf Alumroot,21.93,442.48,28.57,1000079
80,Coast Range Stonecrop,153.37,304.36,98.33,1000080
81,Hydnocarpus,69.0,467.11,47.13,1000081
82,Rinodina Lichen,36.03,412.19,85.34,1000082
83,Rimmed Lichen,34.93,383.88,75.54,1000083
84,Oniongrass,60.51,339.35,15.71,1000084
85,Lanceleaf Grapefern,13.45,370.53,37.27,1000085
86,Red-gland Spurge,20.54,450.45,86.52,1000086
87,Elongate Dropseed,5.98,278.64,38.21,1000087
88,Southern Succisella,96.41,290.43,79.48,1000088
89,Browntop,182.99,364.53,45.94,1000089
90,Beale's Barberry,148.03,387.0,74.9,1000090
91,Ajipo,71.01,65.43,20.3,1000091
92,Largeleaf Sandwort,91.46,371.53,99.83,1000092
93,Looseflower Bluegrass,195.05,20.15,40.42,1000093
94,Winged Sandpuffs,24.68,427.01,70.7,1000094
95,Pear-fruit Mallee,34.77,208.36,80.25,1000095
96,Babington's Roccella Lichen,154.59,29.18,37.75,1000096
97,Laupahoehoe Cyrtandra,9.13,15.21,4.31,1000097
98,Japanese Dodder,192.27,202.27,15.54,1000098
99,Pinyon Milkvetch,162.13,7.63,24.59,1000099
100,Sticky Sprangletop,175.07,316.61,49.5,1000100
101,English Yew,86.97,52.76,97.05,1000101
102,Panamint Liveforever,124.47,395.48,16.31,1000102
103,Bristly Hawkbit,175.93,444.11,36.74,1000103
104,Bractspike,196.16,457.64,63.98,1000104
105,Sour Orange,8.02,355.61,60.95,1000105
106,Woodland Pterostegia,111.75,178.73,5.58,1000106
107,Chilean Podocarp,44.7,392.11,49.13,1000107
108,Angled Sandmint,96.0,452.35,63.35,1000108
109,Skirret,123.7,140.07,22.02,1000109
110,Shortawn Foxtail,12.45,248.84,67.37,1000110
111,Trans-pecos Drymary,197.5,496.23,69.49,1000111
112,Yerba Maravilla,166.37,442.96,30.62,1000112
113,Variable Orange Lichen,166.37,22.27,86.62,1000113
114,Mountain Johnnyberry,178.67,57.7,46.05,1000114
115,Gardner's Saltbush,36.72,166.63,78.08,1000115
116,Tecomanthe,15.11,354.76,3.48,1000116
117,Prairie Indian Paintbrush,195.67,149.13,8.98,1000117
118,Blisterwort,71.92,367.25,36.67,1000118
119,Littleleaf Alumroot,57.94,198.14,45.24,1000119
120,Nail Lichen,19.14,214.64,44.09,1000120
121,Seaside Sandplant,104.36,288.34,95.33,1000121
122,Racomitrium Moss,90.28,28.38,76.37,1000122
123,Canoparmelia Lichen,8.26,25.7,74.27,1000123
124,Mojave Thistle,72.13,130.11,25.59,1000124
125,Rainbow Iris,77.64,380.09,13.35,1000125
126,Forked Wormwood,42.38,222.2,58.23,1000126
127,Roundleaf Sundew,134.47,487.85,55.54,1000127
128,Lacy Maiden Fern,47.04,488.52,77.35,1000128
129,Guiana-chestnut,41.88,331.47,13.78,1000129
130,Thicket Maiden Fern,174.27,371.09,59.3,1000130
131,Narrowleaf Wildparsley,51.83,142.92,12.68,1000131
132,Garden Puff,52.57,157.83,60.18,1000132
133,Ripley's Springparsley,139.79,445.03,51.45,1000133
134,Helocarpon Lichen,128.63,119.18,64.61,1000134
135,Brome,192.04,110.58,81.0,1000135
136,Digit Fern,179.62,191.87,96.99,1000136
137,Neobrackenridge's Spleenwort,174.71,55.1,20.53,1000137
138,Sandstede's Reindeer Lichen,22.22,439.88,60.02,1000138
139,Sickle Tickseed,73.87,49.24,17.37,1000139
140,Bentham's Hevea,65.77,31.46,90.35,1000140
141,Arthothelium Lichen,49.52,153.34,11.8,1000141
142,Red Bluff Dwarf Rush,190.98,483.59,12.52,1000142
143,Eastern Gamagrass,149.09,130.9,13.94,1000143
144,Heterophyllium Moss,55.77,231.54,1.1,1000144
145,Powdery Strap Airplant,4.94,97.07,33.2,1000145
146,Grooved Flax,157.72,121.25,82.01,1000146
147,Coville's Rush,110.29,292.39,95.55,1000147
148,Polytrichum Moss,122.79,126.85,56.22,1000148
149,Tweedy's Pussypaws,37.52,352.29,34.97,1000149
150,Lavin's Milkvetch,144.37,481.59,9.86,1000150
151,Poorjoe,196.18,306.66,85.13,1000151
152,Pink Honeysuckle,98.61,221.47,92.21,1000152
153,Sugarstick,110.48,240.83,69.36,1000153
154,Xylopia,23.45,297.68,76.04,1000154
155,Chee Reedgrass,12.51,179.11,45.51,1000155
156,Saltwood,73.69,495.21,16.69,1000156
157,Greene's Rabbitbrush,76.0,165.17,90.17,1000157
158,Rocky Mountain Blue Columbine,1.8,454.02,63.43,1000158
159,Jamaican Broom,128.64,273.67,10.13,1000159
160,Shrubby Toothedthread,72.83,237.29,79.53,1000160
161,Walpole's Poppy,107.39,493.66,7.76,1000161
162,Sulphur Knapweed,129.64,477.13,80.04,1000162
163,Philonotis Moss,61.9,7.66,82.0,1000163
164,Sandbox Tree,131.22,39.11,95.82,1000164
165,Chiricahua Mountain Dock,149.91,124.77,33.44,1000165
166,Erlangea,147.81,7.75,94.97,1000166
167,Disk Lichen,151.19,434.23,98.35,1000167
168,Tiny Purslane,129.38,298.24,1.6,1000168
169,Bullgrass,179.9,316.73,37.09,1000169
170,Chamisso Bush Lupine,120.15,164.01,45.06,1000170
171,Rim Lichen,42.78,288.51,38.77,1000171
172,Lepanthopsis,153.52,82.52,98.53,1000172
173,Caribbean False Helmetorchid,167.34,426.36,98.44,1000173
174,Arctic Bellflower,10.8,77.39,78.76,1000174
175,Cup Clover,175.04,367.96,74.6,1000175
176,Puerto Rico Croton,17.08,185.55,75.05,1000176
177,Rim Lichen,37.37,402.11,86.83,1000177
178,Indian Rosewood,119.64,355.99,50.97,1000178
179,Birdfoot Cliffbrake,47.99,453.34,34.76,1000179
180,Poorjoe,27.39,117.92,22.87,1000180
181,Spotted Felt Lichen,82.17,354.66,23.25,1000181
182,Giant Sedge,134.71,471.16,89.39,1000182
183,Western Blue-eyed Grass,159.72,290.87,52.49,1000183
184,White Colorado Columbine,150.69,381.95,48.68,1000184
185,Baldwin's Nutrush,11.61,458.76,63.75,1000185
186,Wirevine,125.28,389.61,93.18,1000186
187,Morton's Alpine Oatgrass,166.1,294.17,39.93,1000187
188,Intermediate Cliffbrake,46.55,382.15,52.3,1000188
189,Oval Kumquat,98.98,226.28,87.67,1000189
190,Georgiaplume,29.95,482.42,31.55,1000190
191,Ione Buckwheat,36.69,143.11,19.02,1000191
192,Peteria,37.32,44.41,7.66,1000192
193,Cyrtandra,160.77,136.62,69.39,1000193
194,Rabbit Thorn,149.65,467.17,96.98,1000194
195,Baja Desert-thorn,184.63,175.25,54.29,1000195
196,Selfing Monkeyflower,113.03,135.01,12.93,1000196
197,Simon Bamboo,190.04,324.83,33.73,1000197
198,Waimea Phyllostegia,119.96,316.66,71.49,1000198
199,Sharpleaf Penstemon,131.87,246.21,66.76,1000199
200,Epiphytic Flatsedge,86.62,282.65,28.59,1000200
201,Boreal Cup Lichen,133.73,407.87,39.18,1000201
202,Lewisia,176.53,477.08,92.17,1000202
203,Cleveland's Beardtongue,36.41,119.69,1.89,1000203
204,Fremont's Deathcamas,38.49,443.59,9.86,1000204
205,Seaside Dock,90.86,435.78,61.81,1000205
206,Arizona Madrone,69.92,270.43,68.37,1000206
207,Arrowleaf Cyrtandra,46.52,414.01,35.19,1000207
208,Degel's Lecidea Lichen,16.48,116.4,48.93,1000208
209,Smooth Lessingia,57.66,281.86,28.92,1000209
210,Batflower,8.62,318.75,75.48,1000210
211,Coastal Goldfields,126.72,65.42,60.15,1000211
212,Nightshade,81.98,148.61,79.98,1000212
213,Stryphnodendron,84.49,317.63,71.25,1000213
214,Beaked Hawksbeard,91.09,248.38,18.77,1000214
215,Russian Bugseed,34.64,165.11,32.55,1000215
216,Woolly Mule-ears,84.59,43.13,22.13,1000216
217,Southern Umbrella-sedge,196.66,369.5,73.91,1000217
218,Macvaugh's Dewberry,8.53,293.64,90.04,1000218
219,Polynesian Heliotrope,196.23,291.47,10.74,1000219
220,Spreading Hedgeparsley,121.12,14.41,27.69,1000220
221,Texas Salt,161.6,392.54,11.94,1000221
222,Annual Bluegrass,51.44,246.4,63.02,1000222
223,Oligotrichum Moss,179.12,85.88,90.81,1000223
224,Cochlospermum,124.7,264.74,30.56,1000224
225,Pennsylvania Cinquefoil,78.43,35.42,87.34,1000225
226,Viscid Lipfern,148.47,298.39,52.07,1000226
227,Dense Ayenia,89.44,84.35,92.57,1000227
228,Torrey Pine,109.13,406.08,93.37,1000228
229,Acuba,164.68,119.51,7.06,1000229
230,French Tamarisk,103.04,244.18,57.94,1000230
231,European Water Plantain,2.55,157.23,26.14,1000231
232,Prairiedawn,114.66,215.77,87.52,1000232
233,Pugnacious Blackberry,180.5,326.14,44.19,1000233
234,Sunfacing Coneflower,103.12,352.56,5.33,1000234
235,Walpole's Poppy,61.18,192.77,23.64,1000235
236,Triticale,94.72,56.81,55.6,1000236
237,Eagle Pass Blacksenna,94.27,86.8,88.51,1000237
238,Bristlyleaf Rockcress,165.32,228.78,36.63,1000238
239,Woodfern,72.87,124.05,15.1,1000239
240,Roccella Lichen,72.19,390.84,12.02,1000240
241,White Fringed Orchid,86.91,432.12,63.26,1000241
242,Hybrid Oak,112.48,457.0,8.57,1000242
243,Xanthoparmelia Lichen,77.15,140.65,80.21,1000243
244,Drummond's Wart Lichen,174.23,455.67,43.25,1000244
245,Organ Mountain Foxtail Cactus,179.04,402.85,92.94,1000245
246,Crowfoot Grass,140.06,149.42,44.82,1000246
247,Lilac,179.42,417.85,15.18,1000247
248,Rinodina Lichen,98.69,211.49,22.39,1000248
249,Costus,21.06,90.77,57.15,1000249
250,Flame Beard Lichen,98.87,458.29,3.26,1000250
251,Canby's Bulrush,100.6,27.11,21.41,1000251
252,Cactus Apple,165.62,466.37,68.51,1000252
253,Tropical Whitetop,86.29,52.56,27.38,1000253
254,Osterhout's Thistle,53.62,280.69,7.73,1000254
255,Menzies' Anacolia Moss,121.85,321.97,35.22,1000255
256,Northern Rockcress,35.52,142.67,38.88,1000256
257,Hartweg's Fleabane,65.31,442.57,57.87,1000257
258,Hawthorn,47.92,210.05,24.72,1000258
259,Johansen's Didymodon Moss,188.86,15.22,7.21,1000259
260,Olney's Hairy Sedge,181.41,236.83,10.09,1000260
261,White Bluffs Bladderpod,144.74,157.96,23.89,1000261
262,Black Oats,174.99,153.63,99.45,1000262
263,African Tamarisk,175.97,276.53,18.18,1000263
264,Knobcone Pine Dwarf Mistletoe,71.86,272.57,48.39,1000264
265,Common Juniper,34.06,7.33,87.13,1000265
266,Button Brittlebush,156.97,187.15,95.75,1000266
267,Manzanita,149.5,57.82,21.1,1000267
268,Wyeth Biscuitroot,169.92,251.49,17.96,1000268
269,Prairie Rosinweed,75.93,117.1,13.63,1000269
270,Evans' Beard Lichen,116.61,250.87,23.58,1000270
271,Matted Lupine,153.01,346.27,36.84,1000271
272,Golden Insideout Flower,32.73,227.66,8.14,1000272
273,Opposite Taralea,100.68,414.44,30.24,1000273
274,Florida Keys Blackbead,188.95,422.78,67.38,1000274
275,Gluta,23.74,448.58,7.82,1000275
276,Creeping Thyme,26.79,427.7,98.41,1000276
277,Sand Lupine,119.37,269.79,79.96,1000277
278,Goosefoot Violet,25.41,393.99,89.39,1000278
279,Timopheev's Wheat,86.23,298.65,64.38,1000279
280,Batwing Fern,37.76,228.78,11.99,1000280
281,Northern Bluegrass,73.97,10.31,95.64,1000281
282,Fleshy Honeysweet,55.47,484.99,42.04,1000282
283,Acanthus,150.55,14.19,52.93,1000283
284,Woolly Blackberry,105.94,259.45,27.56,1000284
285,Oreoxis,93.95,276.19,10.52,1000285
286,Roundhead Rush,58.53,277.78,41.4,1000286
287,Guadalupe Mountain Necklacepod,2.73,259.77,79.95,1000287
288,Birdcatching Sedge,138.27,128.54,82.21,1000288
289,Scarlet Passionflower,2.67,445.1,84.7,1000289
290,Red Mountain Catchfly,188.05,491.28,44.74,1000290
291,Shale Barren Rockcress,156.28,171.24,35.78,1000291
292,Psorinia,4.8,22.55,55.06,1000292
293,Rajania,102.38,294.74,63.39,1000293
294,King Desertparsley,129.84,328.42,43.62,1000294
295,Shorthorn Steer's-head,105.59,491.67,78.46,1000295
296,Copeland's Owl's-clover,179.97,326.21,19.0,1000296
297,Columbian Lewisia,173.72,441.19,73.19,1000297
298,Large Gallberry,66.39,451.17,34.18,1000298
299,Pucciphippsia,178.95,96.12,60.86,1000299
300,Little Purple Monkeyflower,98.29,380.81,22.39,1000300
301,Graptophyllum,18.19,474.57,69.17,1000301
302,Variableleaf Evening Primrose,117.16,81.34,84.48,1000302
303,Fancy Nightshade,126.17,234.32,52.32,1000303
304,Smooth Manjack,9.5,243.55,14.11,1000304
305,Palmer's Phacelia,53.39,351.53,65.2,1000305
306,Greenland Rim Lichen,140.05,258.38,91.17,1000306
307,Ginseng,1.75,328.8,22.8,1000307
308,Whitebark Senna,165.38,496.99,19.06,1000308
309,Giant Shield Lichen,86.96,93.44,24.33,1000309
310,Tree Cholla,69.82,343.18,37.08,1000310
311,Porter's Sandmat,22.71,378.16,40.89,1000311
312,Fuzzy Pride-of-rochester,94.81,266.69,28.81,1000312
313,Pleuridium Moss,48.6,386.68,50.9,1000313
314,Buell Park Phacelia,77.91,60.49,67.05,1000314
315,Blue Ridge Wakerobin,179.5,21.96,16.07,1000315
316,Paradox Spilonema Lichen,115.76,442.09,76.57,1000316
317,Canary Island Flatpod,1.54,144.51,81.43,1000317
318,Netted Anoda,106.12,273.1,8.08,1000318
319,Cyrtandra,37.97,376.98,42.94,1000319
320,Bailey's Rabbitbrush,130.34,244.28,52.36,1000320
321,Leafy Vanilla,97.74,227.05,43.23,1000321
322,Mountainheath,35.79,81.91,44.47,1000322
323,Cusick's Biscuitroot,77.29,122.17,89.71,1000323
324,Otholobium,159.64,378.66,61.07,1000324
325,Theobroma,143.9,316.42,15.78,1000325
326,Great Lakes Sandcherry,78.17,272.45,60.84,1000326
327,Groundcherry,97.28,257.17,27.47,1000327
328,Oregon Phacelia,100.11,35.89,47.53,1000328
329,Inyo County Star-tulip,18.89,122.39,9.64,1000329
330,Big Bend Foxtail Cactus,31.93,354.72,61.71,1000330
331,Veitch's Screwpine,68.25,35.32,19.69,1000331
332,Bunchberry Dogwood,197.29,418.99,79.44,1000332
333,Reddish Cinquefoil,176.02,237.11,41.37,1000333
334,Claspbract Sedge,32.95,300.16,76.94,1000334
335,Howell's Onion,1.06,432.74,74.89,1000335
336,New Mexico Spiny Milkvetch,56.57,136.38,83.87,1000336
337,Appalachian Rhizomnium Moss,198.33,56.48,44.14,1000337
338,Shale Barren Pussytoes,66.42,54.56,15.88,1000338
339,Indiangrass,57.88,41.37,51.99,1000339
340,Island Wallflower,135.25,57.34,92.61,1000340
341,Edwards Plateau Beardgrass,85.08,225.9,37.54,1000341
342,Larger Western Mountain Aster,86.4,95.43,88.34,1000342
343,Low Nutrush,19.65,93.79,87.69,1000343
344,Bract Saxifrage,19.13,321.8,98.81,1000344
345,Bractscale,58.98,142.62,28.87,1000345
346,Rabbit Thorn,94.67,339.56,12.48,1000346
347,Four O'clock,122.35,263.35,7.79,1000347
348,Arthothelium Lichen,88.05,22.69,69.26,1000348
349,Longleaf Paraleucobryum Moss,6.4,145.52,67.82,1000349
350,Seaside Sandplant,80.88,193.37,42.97,1000350
351,Dracontium,158.16,229.8,32.21,1000351
352,Leatherleaf Airplant,139.58,38.51,68.61,1000352
353,Potatotree,133.99,26.04,31.97,1000353
354,Arctic Daisy,133.6,79.41,49.71,1000354
355,Common Beet,45.62,394.25,49.25,1000355
356,Trumpet,86.24,133.68,82.89,1000356
357,Chinese Creepingfern,186.01,96.55,88.2,1000357
358,Wheat,4.91,366.57,56.29,1000358
359,Duchesne River Twinpod,53.28,476.0,71.36,1000359
360,Wasatch Desertparsley,100.06,204.81,93.41,1000360
361,Annual Agoseris,27.19,226.96,4.36,1000361
362,Astrothelium Lichen,47.08,377.27,41.97,1000362
363,Spleenwort,24.95,292.3,55.46,1000363
364,Savannah Milkweed,130.0,209.47,30.05,1000364
365,Chempedak,35.91,388.85,54.55,1000365
366,Nelson's Buttercup,36.38,269.66,20.28,1000366
367,Colorado Blue Columbine,1.53,301.72,16.95,1000367
368,Diffuse Clover,163.72,223.4,27.66,1000368
369,Cockspur,41.88,262.51,19.15,1000369
370,Purple Sage,155.02,214.59,18.41,1000370
371,Little Bun Milkvetch,115.87,313.91,8.08,1000371
372,New Mexico Orange Lichen,24.67,255.88,91.68,1000372
373,Mealycup Sage,39.03,321.24,82.42,1000373
374,Bellemerea Lichen,70.18,497.83,92.12,1000374
375,Hispanic Crambe,130.86,49.35,56.63,1000375
376,American Shoreweed,64.07,402.19,54.88,1000376
377,Giant Horsetail,24.86,141.91,87.69,1000377
378,Crinkleroot,49.36,445.92,44.44,1000378
379,Littleleaf Brickellbush,176.57,479.57,53.75,1000379
380,Manyflower Broomrape,82.29,368.78,69.37,1000380
381,Peltula Lichen,122.46,179.58,12.86,1000381
382,Fenceline Dewberry,100.02,331.41,21.91,1000382
383,Goldenrod,138.5,289.22,65.07,1000383
384,Flaxflowered Ipomopsis,4.71,461.34,71.57,1000384
385,Cortadora Blanca,56.6,373.28,60.99,1000385
386,Black Sweetwood,8.51,271.28,17.55,1000386
387,Narrowleaf False Dragonhead,84.03,306.33,54.37,1000387
388,House Range Primrose,165.08,463.39,32.29,1000388
389,Halberdleaf Rosemallow,110.1,185.15,20.01,1000389
390,Acute Indian Paintbrush,12.58,84.17,98.47,1000390
391,Shasta Snow-wreath,54.94,194.32,12.58,1000391
392,Sedge,185.29,302.68,22.37,1000392
393,Yellow Waterlily,21.52,333.91,19.17,1000393
394,Safford's Lellingeria,174.99,51.04,46.81,1000394
395,Rainier Pleated Gentian,41.0,364.7,3.25,1000395
396,Longbeak Streptanthella,156.82,457.43,73.89,1000396
397,Dot Lichen,69.44,339.1,57.42,1000397
398,Rosy Camphorweed,18.3,481.2,87.08,1000398
399,Chrysobalanus,83.41,192.64,28.62,1000399
400,American Beakgrain,102.28,256.96,57.49,1000400
401,Memphisgrass,43.77,316.89,66.31,1000401
402,Mojave Brickellbush,128.75,355.11,98.29,1000402
403,Pinewoods Horkelia,188.95,479.96,39.14,1000403
404,Annual Mallow,31.8,420.13,16.31,1000404
405,Alsinidendron,75.59,15.79,11.86,1000405
406,Rydberg's Wildrye,7.0,58.33,49.99,1000406
407,Wild Pea,161.97,198.21,40.48,1000407
408,Century Plant,11.79,17.69,68.5,1000408
409,Streamside Leptodictyum Moss,154.74,250.48,45.87,1000409
410,Darkbrown Sedge,100.48,34.74,2.16,1000410
411,Eastwood's Goldenbush,76.57,91.72,66.0,1000411
412,Grampians Gum,53.81,273.54,81.12,1000412
413,Horsehair Lichen,28.0,236.16,90.13,1000413
414,Hawai'i Poisonberry Tree,110.39,387.5,22.19,1000414
415,Graptophyllum,62.07,289.85,93.15,1000415
416,Hemlock Rosette Grass,146.73,384.21,70.3,1000416
417,Tennessee Quillwort,171.6,198.52,49.73,1000417
418,Knotted Clover,110.26,74.18,11.68,1000418
419,Raiche's Clarkia,134.77,123.71,43.61,1000419
420,Avon Park Rattlebox,61.6,72.56,81.74,1000420
421,Largeleaf Thoroughwort,188.54,399.71,97.57,1000421
422,Mountain Pepperweed,188.13,181.25,85.87,1000422
423,Sweet Four O'clock,104.71,444.36,21.01,1000423
424,Disc Lichen,94.99,489.82,88.49,1000424
425,Scottish Licorice-root,138.16,338.96,16.95,1000425
426,European Bellflower,138.89,177.52,37.07,1000426
427,Furniss's Phacelia,122.71,439.55,33.13,1000427
428,Adobe Navarretia,172.11,421.92,68.98,1000428
429,Baker's Stickyseed,103.16,36.56,41.57,1000429
430,Timberland Blue-eyed Grass,59.52,477.11,24.35,1000430
431,Piloblephis,168.7,484.17,11.56,1000431
432,Mexican Bedstraw,125.72,420.95,33.36,1000432
433,Tidal Spikerush,122.43,463.78,66.36,1000433
434,Looseflower Water-willow,16.68,189.26,75.83,1000434
435,Dominican Parmotrema Lichen,70.37,131.06,18.45,1000435
436,Common Duckmeat,151.02,58.66,54.87,1000436
437,â€˜ilima,33.27,405.55,13.33,1000437
438,Soft Bird's-beak,37.53,242.75,86.83,1000438
439,Lindheimer's Bladderpod,106.57,207.67,74.06,1000439
440,Pinkflowered Bushmallow,2.63,96.72,28.74,1000440
441,Flyweed,164.97,487.96,78.12,1000441
442,California Buckthorn,121.81,131.33,83.47,1000442
443,Beardtongue,149.83,341.76,52.16,1000443
444,Bois Bande,67.99,60.62,51.07,1000444
445,Sierra Milkvetch,43.73,417.2,21.74,1000445
446,Coco Yam,32.87,358.01,92.3,1000446
447,Pennsylvania Cinquefoil,75.04,45.2,79.7,1000447
448,Griffin's Bellflower,57.68,108.46,1.92,1000448
449,Lindheimer's Crownbeard,112.44,314.14,96.99,1000449
450,Hill Suncup,59.82,194.46,32.71,1000450
451,Eggyolk Lichen,135.12,326.69,29.61,1000451
452,Cup Lichen,24.97,112.27,45.92,1000452
453,Felt Lichen,92.85,256.71,73.77,1000453
454,Darrow's Flavopunctelia Lichen,70.54,239.27,23.05,1000454
455,California Loosestrife,110.29,222.76,40.34,1000455
456,Bog Beggarticks,67.3,131.58,96.65,1000456
457,Depauperate Fleabane,151.39,16.37,18.23,1000457
458,Serpentine Tarweed,24.24,82.28,33.52,1000458
459,Spotted Felt Lichen,80.25,286.51,18.7,1000459
460,Sprawling Dewberry,28.35,29.89,5.12,1000460
461,Twining Screwstem,48.9,407.54,5.38,1000461
462,Indian Jujube,60.27,156.29,79.5,1000462
463,Grassland Tarweed,20.12,299.93,76.6,1000463
464,Arizona Honeysweet,127.45,6.82,32.56,1000464
465,Saltmarsh Spikerush,2.04,195.38,83.41,1000465
466,Lesser Trema,91.86,380.26,47.29,1000466
467,Viscid Lipfern,5.91,142.23,11.1,1000467
468,Fourleaf Peperomia,99.43,225.2,83.94,1000468
469,Meadow Milkvetch,105.83,432.55,86.69,1000469
470,Tenangle Pipewort,58.46,353.0,63.57,1000470
471,Herzogiella Moss,60.62,175.05,14.98,1000471
472,Cachiyuyo,59.26,279.94,62.57,1000472
473,Warnstorfia Moss,50.47,176.65,68.33,1000473
474,Orange Lichen,98.44,348.87,17.79,1000474
475,Star Of Bethlehem,135.24,374.37,25.86,1000475
476,Pore Lichen,6.68,93.63,75.56,1000476
477,Waianae Range Starviolet,189.81,316.49,36.79,1000477
478,Crinkleawn Grass,80.82,142.21,57.57,1000478
479,Wilson's Maidenhair,70.36,121.41,65.8,1000479
480,Goldencarpet,92.99,154.62,68.83,1000480
481,Texas Saxifrage,143.33,202.2,70.83,1000481
482,Wrinkleleaf Goldenrod,101.14,195.12,7.51,1000482
483,California Swordfern,102.08,224.76,52.52,1000483
484,Turner's Water-willow,130.45,165.72,23.15,1000484
485,Broadleaf Four O'clock,58.8,140.12,13.81,1000485
486,Cynodontium Moss,182.26,431.36,32.81,1000486
487,Tweedy's Rush,26.19,37.99,23.9,1000487
488,European Meadow Rush,39.68,337.81,83.42,1000488
489,Cylinderflower Lovegrass,77.54,205.69,40.22,1000489
490,Hamblen's Biscuitroot,54.18,106.09,53.31,1000490
491,Nylander's Lecidea Lichen,57.05,433.39,13.56,1000491
492,Connecticut Hawthorn,188.28,442.63,78.71,1000492
493,Neyraudia,7.69,176.83,34.71,1000493
494,Neoparrya,181.33,277.6,67.08,1000494
495,Wild Job's Tears,85.46,228.77,72.11,1000495
496,Indian Headdress,39.32,304.79,14.78,1000496
497,Cardinalflower,163.38,336.89,87.02,1000497
498,Walter's Sedge,137.25,293.71,49.58,1000498
499,False Neststraw,91.56,456.23,54.86,1000499
500,Bigleaf Lupine,107.49,283.75,64.37,1000500
501,Wart Lichen,22.42,466.77,4.0,1000501
502,Ojo Alamo Fleabane,20.17,429.61,21.09,1000502
503,Serpentine Bittercress,7.14,63.96,77.9,1000503
504,Woolly Cottonflower,159.78,353.46,46.86,1000504
505,Oneflower Stitchwort,154.79,47.96,46.47,1000505
506,African Locust Bean,94.87,48.55,88.43,1000506
507,Twistspine Pricklypear,141.33,85.54,88.32,1000507
508,Longspur Lupine,65.24,400.27,74.01,1000508
509,Amate,34.42,28.2,82.9,1000509
510,Basketgrass,137.6,310.21,59.17,1000510
511,Bloodtwig Dogwood,193.02,171.56,76.83,1000511
512,Emperor Crowngrass,173.2,342.48,95.22,1000512
513,Crimean Iris,76.02,378.73,44.56,1000513
514,Xylographa Lichen,162.32,282.28,61.58,1000514
515,Mauna Loa Clermontia,182.57,203.86,75.3,1000515
516,Goldenrain Tree,16.71,445.79,2.17,1000516
517,Showy Phlox,179.1,43.15,87.14,1000517
518,Labrador Bluegrass,111.8,348.53,58.44,1000518
519,Allegheny Plum,69.91,303.77,25.61,1000519
520,Nevada Willowherb,8.87,365.98,87.4,1000520
521,Degel's Wart Lichen,113.83,335.6,27.0,1000521
522,Engelmann's Hedgehog Cactus,176.59,201.85,47.67,1000522
523,Bao Li,39.17,276.64,19.09,1000523
524,Summer Lupine,11.38,176.15,52.68,1000524
525,Anthracothecium Lichen,178.82,7.15,16.48,1000525
526,Carolina Orange Lichen,194.72,35.15,37.0,1000526
527,Splendid Feather Moss,90.03,250.41,31.53,1000527
528,Pacific Rim Lichen,8.13,461.2,22.74,1000528
529,Parish's Desert-thorn,187.15,291.08,14.96,1000529
530,Betonyleaf Noseburn,135.45,490.25,76.45,1000530
531,Creeping Alkaligrass,62.11,275.89,87.44,1000531
532,Jacaranda,81.12,199.29,56.54,1000532
533,Jimsonweed,112.51,384.59,84.02,1000533
534,Bladderfern,142.29,141.72,10.01,1000534
535,Cutleaf Beardtongue,75.79,368.74,39.79,1000535
536,Peruvian Primrose-willow,116.68,468.24,20.1,1000536
537,Hairy Spinifex,163.5,41.96,12.62,1000537
538,Surinam Campylopus Moss,43.61,314.1,65.51,1000538
539,Miniature Marigold,128.48,162.48,94.28,1000539
540,Redcardinal,161.35,173.13,69.1,1000540
541,Pincho Palo De Rosa,7.46,36.28,94.56,1000541
542,Prairie Sandreed,40.45,444.17,15.61,1000542
543,Florida Bluestem,60.84,66.29,44.96,1000543
544,Napa False Indigo,83.28,338.18,42.57,1000544
545,Roundheaded Leek,22.72,112.22,6.78,1000545
546,Heartleaf Amazonvine,172.03,381.29,65.95,1000546
547,Downy Beach Pea,59.51,117.27,28.71,1000547
548,White Prairie Clover,47.61,284.51,27.07,1000548
549,Prairie Cupgrass,42.15,94.07,98.85,1000549
550,Convolute Desmatodon Moss,90.06,46.47,96.44,1000550
551,Carter's Buttercup,19.87,331.2,62.05,1000551
552,Scaldweed,68.06,184.52,22.55,1000552
553,Bryum Moss,155.49,111.41,77.41,1000553
554,Toadlily,174.91,11.88,23.5,1000554
555,Degen's Felt Lichen,135.27,297.52,80.2,1000555
556,Nineanther Prairie Clover,171.48,334.93,42.21,1000556
557,Sherard's Downy Rose,10.24,130.69,31.84,1000557
558,Summer Savory,77.07,258.31,74.02,1000558
559,Goldmoss Stonecrop,148.42,351.34,82.27,1000559
560,Cup Lichen,183.67,264.81,29.98,1000560
561,Santa Catalina Mountain Sage,67.65,195.74,89.83,1000561
562,Desert Biscuitroot,178.99,423.2,52.8,1000562
563,Plains Snakecotton,185.92,330.49,34.61,1000563
564,Early Forsythia,60.77,117.27,22.87,1000564
565,Carter's Pinelandcress,147.14,337.07,47.63,1000565
566,Lott's Gilia,38.25,81.78,6.76,1000566
567,Alderleaf Mountain Mahogany,188.24,196.3,3.84,1000567
568,Fringed Candle Snuffer Moss,108.71,246.31,26.2,1000568
569,Spring Hill Flax,132.33,311.86,15.98,1000569
570,Prune-fruit Sedge,91.57,218.4,97.21,1000570
571,Streambank Springbeauty,160.71,423.6,18.17,1000571
572,Goose Neck Moss,89.4,300.17,39.27,1000572
573,Catillaria Lichen,29.45,458.97,53.51,1000573
574,Warnstorfia Moss,95.34,197.01,52.43,1000574
575,Arizona Sneezeweed,28.93,240.67,44.63,1000575
576,Globe Fimbry,183.32,96.75,8.98,1000576
577,Goodding's Fameflower,81.52,379.41,66.27,1000577
578,Water Speedwell,41.79,53.95,23.05,1000578
579,Dieter's Erigeron,175.36,300.56,43.33,1000579
580,Nevada Peavine,26.42,72.2,26.79,1000580
581,Ross' Avens,158.73,371.19,7.94,1000581
582,Kellogg Snapdragon,61.11,314.61,8.86,1000582
583,Broadbeard Beardtongue,198.81,472.44,72.72,1000583
584,Downy Hawthorn,64.04,425.16,69.13,1000584
585,Oysterleaf,24.58,223.99,63.28,1000585
586,Variegated Liveforever,65.05,357.08,16.46,1000586
587,Little-leaf Seapurslane,139.87,379.99,44.15,1000587
588,Strigose Beard Lichen,102.85,343.34,33.94,1000588
589,Florida Beargrass,116.82,498.86,90.09,1000589
590,Slender Sowthistle,66.95,266.81,74.78,1000590
591,Small-leaf Squarestem,9.42,406.18,72.96,1000591
592,Little Western Bittercress,188.4,455.53,18.35,1000592
593,Baldwin's Flatsedge,41.42,37.58,30.28,1000593
594,Flower's Orthotrichum Moss,110.45,119.82,64.24,1000594
595,Fendler's Springparsley,174.21,90.49,26.98,1000595
596,Sickleweed,88.62,288.67,28.91,1000596
597,Gmelina,197.08,120.74,99.95,1000597
598,Dwarf Mountain Ragwort,26.44,178.49,35.24,1000598
599,Haresfoot Locoweed,124.18,383.7,75.67,1000599
600,Rattlesnake Mannagrass,31.13,250.38,43.99,1000600
601,Mogollon Thistle,135.79,124.9,6.4,1000601
602,Texas Rush,33.07,422.65,12.4,1000602
603,Intermountain Lupine,51.31,197.06,57.57,1000603
604,Brazilian-plume,78.95,239.62,76.87,1000604
605,Large Indian Breadroot,54.2,449.68,89.04,1000605
606,Allegheny Mountain Goldenbanner,112.49,475.04,5.79,1000606
607,Reeves' Meadowsweet,2.99,476.74,46.32,1000607
608,Estuary Sedge,157.61,222.93,68.92,1000608
609,Harsh Indian Paintbrush,25.76,452.24,1.25,1000609
610,Darrow's Blueberry,22.36,345.97,81.15,1000610
611,Ahart's Cluster Rose,171.32,170.73,86.91,1000611
612,Coralbells,181.07,120.48,88.41,1000612
613,Guava,35.54,228.7,17.73,1000613
614,White Penstemon,105.32,125.57,15.29,1000614
615,Utah Fleabane,106.36,134.86,62.85,1000615
616,Silver Draba,36.4,449.34,68.03,1000616
617,Lavender Sage,80.88,347.64,74.58,1000617
618,King's Scepter Gentian,120.42,97.65,6.31,1000618
619,Sibbaldiopsis,183.6,454.37,14.19,1000619
620,Nun's-hood Orchid,193.44,193.23,14.26,1000620
621,Whitestem Goldenbush,106.58,295.1,46.66,1000621
622,Ma'oloa,151.37,224.48,39.32,1000622
623,Tortella Moss,137.37,320.62,84.81,1000623
624,Dixie Rosemallow,189.06,48.22,74.86,1000624
625,Oregon Bleeding Heart,120.15,187.12,81.74,1000625
626,Macvaugh's Dewberry,151.11,363.21,48.52,1000626
627,Perplexed Beard Lichen,89.66,52.4,27.54,1000627
628,Caribbean Filmy Fern,32.76,438.85,79.62,1000628
629,Brandegee's Onion,139.0,243.28,35.74,1000629
630,Bayberry Willow,35.89,403.14,78.72,1000630
631,Gilia,15.08,378.62,5.81,1000631
632,Alpine Primrose,83.12,221.28,86.45,1000632
633,Rusby's Locust,184.08,485.15,9.76,1000633
634,Butterweed,93.04,372.07,96.26,1000634
635,Varileaf Cinquefoil,124.16,165.85,36.56,1000635
636,Needle Grama,71.05,379.65,8.83,1000636
637,Timber Milkvetch,178.7,56.24,51.51,1000637
638,Truckee Cryptantha,38.07,189.25,19.49,1000638
639,California Hoptree,91.61,105.5,77.6,1000639
640,Largeleaf Blackberry,104.53,327.7,53.32,1000640
641,Spectacular Flatsedge,77.79,197.83,13.33,1000641
642,Dwarf Rockcress,34.16,424.56,52.02,1000642
643,Barley Mitchell Grass,113.05,498.63,39.16,1000643
644,Gray's Broomrape,91.1,92.85,84.6,1000644
645,New York Dewberry,177.81,261.42,76.12,1000645
646,Cup Lichen,34.52,99.79,78.25,1000646
647,Threespike Fiddlewood,153.28,314.23,49.19,1000647
648,Eastern Trailing Ticktrefoil,32.96,317.61,13.44,1000648
649,Taxiphyllum Moss,93.51,69.43,16.46,1000649
650,Mealy Fumewort,168.03,81.31,60.93,1000650
651,Florida Hammock Milkpea,11.14,31.75,87.39,1000651
652,Munz's Bedstraw,183.14,64.74,12.79,1000652
653,Chinese Buckthorn,153.99,74.45,27.06,1000653
654,Sticky Tansyaster,43.43,339.37,77.82,1000654
655,Yerba Linda,54.83,292.17,53.55,1000655
656,Streamside Orthotrichum Moss,96.17,233.38,47.06,1000656
657,Littleleaf Pixiemoss,112.61,149.62,81.1,1000657
658,White Lady's Slipper,14.11,406.32,81.6,1000658
659,San Luis Mountain Ipomopsis,99.8,251.27,44.23,1000659
660,Texas Flax,20.62,460.18,21.43,1000660
661,Usnea Lichenoconium Lichen,66.63,403.5,95.45,1000661
662,Spineless Horsebrush,133.02,293.05,54.3,1000662
663,Longbeak Stork's Bill,109.07,159.35,4.0,1000663
664,Guadalupe Suncup,16.09,391.97,25.46,1000664
665,Hawthorn,59.94,373.06,50.84,1000665
666,Western Silver Aster,73.86,112.88,98.25,1000666
667,Field Mustard,109.47,296.4,25.33,1000667
668,Panhandle Meadowbeauty,56.06,86.58,33.1,1000668
669,Crabseye Lichen,166.41,54.06,37.17,1000669
670,Agroelymus,55.06,167.32,6.11,1000670
671,Fall Panicgrass,75.37,470.89,15.45,1000671
672,Chamisso Arnica,113.26,170.28,19.01,1000672
673,Waianae Range Tetramolopium,12.77,131.81,34.2,1000673
674,Rittok Map Lichen,113.48,347.51,7.2,1000674
675,Burrograss,126.33,460.42,76.67,1000675
676,Coenogonium Lichen,79.85,86.6,3.97,1000676
677,Daisy Desertstar,21.82,343.71,41.5,1000677
678,Intermediate Arrowhead,148.2,421.47,66.76,1000678
679,Oahu Cyanea,132.01,224.58,64.76,1000679
680,Poet's Jasmine,193.38,98.13,73.15,1000680
681,Scalloped Milkwort,174.24,209.84,79.35,1000681
682,Ear Muhly,102.99,104.09,80.39,1000682
683,Yerba De Cabra,14.75,443.26,82.66,1000683
684,Andreaea Moss,8.47,418.66,80.78,1000684
685,Hawkweed,31.24,161.45,30.75,1000685
686,Green Wattle,153.88,299.38,91.62,1000686
687,Espuela De Galan,19.59,394.04,1.9,1000687
688,Siberian Dock,120.77,386.08,53.3,1000688
689,Common Borage,110.2,234.7,10.58,1000689
690,Tiger's Claw,171.53,269.75,68.37,1000690
691,Sierra Erigeron,140.6,17.75,11.65,1000691
692,Threeleaf Arrowhead,118.63,220.41,97.08,1000692
693,Bahaman Aster,160.62,126.56,48.46,1000693
694,Soft Agrimony,133.14,169.43,40.83,1000694
695,Singleleaf Ash,48.94,367.31,71.44,1000695
696,Kauai Spurge,3.66,212.99,2.28,1000696
697,Autumn Olive,47.82,231.54,23.91,1000697
698,Jack In The Pulpit,162.77,418.75,42.82,1000698
699,Chilean Gunnera,12.46,272.47,19.38,1000699
700,Osterhout's Cryptantha,166.67,24.08,76.73,1000700
701,Thorny Olive,129.57,18.2,60.54,1000701
702,Jamaican Tonguefern,17.89,496.58,4.69,1000702
703,Calico Aster,21.05,46.37,11.03,1000703
704,Syrian Mesquite,32.99,36.58,70.86,1000704
705,Maguire's Draba,175.06,146.43,18.04,1000705
706,Andrus' Sphagnum,139.09,256.55,26.59,1000706
707,Crescent Milkvetch,6.23,391.83,94.04,1000707
708,Lecidea Lichen,155.2,10.81,61.36,1000708
709,Sixweeks Fescue,199.78,88.92,17.33,1000709
710,Robbins' Pondweed,126.46,6.67,99.56,1000710
711,Golden-yarrow,122.49,35.77,79.43,1000711
712,Lehua,197.72,183.35,27.23,1000712
713,Pennyroyal,172.96,217.08,18.84,1000713
714,Virginia Bunchflower,17.43,61.03,12.03,1000714
715,Georgia Aster,49.5,174.25,58.35,1000715
716,Grassland Sedge,26.62,64.3,17.77,1000716
717,Caracus Wigandia,98.64,247.62,52.13,1000717
718,Freckled Milkvetch,56.4,153.17,55.06,1000718
719,Texas Swampprivet,46.29,394.29,65.57,1000719
720,Spring Pygmycudweed,148.34,103.84,76.33,1000720
721,Palmer's Monkeyflower,96.02,13.24,31.19,1000721
722,Cottony Goldenaster,26.89,151.0,13.72,1000722
723,Pilocarpus,168.52,214.1,40.84,1000723
724,Dutch Crocus,155.01,284.64,1.93,1000724
725,Wart Lichen,87.26,488.33,14.47,1000725
726,Tuberous Grasspink,109.81,48.55,5.98,1000726
727,Giant Sunflower,111.26,480.96,96.43,1000727
728,Woodhouse's Phlox,42.01,161.11,21.17,1000728
729,Beach Pea,17.44,315.03,83.65,1000729
730,Feather Pappusgrass,140.78,36.67,77.82,1000730
731,Carruthers' Falseface,52.52,152.66,57.97,1000731
732,Hornbeam,164.59,424.77,4.65,1000732
733,Heartleaf Cyrtandra,184.79,96.4,36.58,1000733
734,Bushloving Cryptantha,123.43,89.31,12.83,1000734
735,Matted Buckwheat,129.76,314.95,9.94,1000735
736,Dwarf Prairie Clover,137.05,442.95,10.23,1000736
737,Balkan Catchfly,91.15,230.38,1.02,1000737
738,Coastal Plain Balm,9.22,454.93,52.83,1000738
739,Milla,68.03,80.37,79.95,1000739
740,Wisconsin Rim Lichen,177.47,180.5,74.95,1000740
741,Cyclopeltis,93.01,282.22,53.36,1000741
742,Longleaf False Goldeneye,199.98,435.49,44.5,1000742
743,Margarett's Myrcia,112.18,320.66,21.0,1000743
744,Rufous False Cocaine,177.51,80.3,7.41,1000744
745,Hairy Johnnyberry,109.86,181.3,51.23,1000745
746,Northland Cottonsedge,3.92,287.84,74.21,1000746
747,Porter's Licorice-root,67.82,162.44,71.21,1000747
748,Yavapai County Buckwheat,165.63,292.15,77.11,1000748
749,Smallflower Indigoberry,167.42,134.5,61.6,1000749
750,Chapman's Skeletongrass,196.68,393.29,74.06,1000750
751,Asian Swordfern,179.63,495.97,26.52,1000751
752,Oncoba,166.79,318.21,27.32,1000752
753,Sand Palafox,73.88,319.81,50.17,1000753
754,Chihuahuan Flax,107.37,118.35,55.97,1000754
755,Stanhopea,56.09,471.64,71.0,1000755
756,Bonjean's Dicranum Moss,36.32,105.09,11.34,1000756
757,Sand Jointfir,188.33,323.41,85.2,1000757
758,Paiute Mountain Pincushionplant,162.53,13.03,77.95,1000758
759,Suksdorf's Hawthorn,68.56,28.19,80.34,1000759
760,Hyssopleaf Thoroughwort,32.96,38.05,72.95,1000760
761,Smooth Joyweed,70.97,260.88,9.35,1000761
762,Littleleaf Milkpea,71.37,368.82,23.77,1000762
763,Howell's Pussytoes,110.11,253.43,48.38,1000763
764,Tufted Twinpod,149.57,9.73,99.29,1000764
765,Narrowleaf Brickellbush,192.56,238.55,20.77,1000765
766,Hybrid Oak,100.67,395.74,15.16,1000766
767,Watermelon,63.07,402.11,28.39,1000767
768,Alaskan Bluegrass,87.21,262.7,40.93,1000768
769,Phyllostegia,136.05,210.68,4.68,1000769
770,Liverwort,33.77,269.41,49.87,1000770
771,Jelly Lichen,74.54,159.88,53.74,1000771
772,Broadsepal Yellowhood,25.16,396.78,60.52,1000772
773,Sessileleaf Pinelandcress,79.84,43.92,89.36,1000773
774,Coca,37.97,99.69,70.52,1000774
775,Didier's Tulip,124.78,152.67,63.94,1000775
776,Fringed Onion,19.94,379.17,41.48,1000776
777,Stellate Orthotrichum Moss,152.05,102.61,21.0,1000777
778,Dot Lichen,105.36,320.38,50.4,1000778
779,Chinese Water Chestnut,173.81,473.32,5.5,1000779
780,Peacock Orchid,164.72,357.76,10.2,1000780
781,James' Cryptantha,184.52,320.03,79.2,1000781
782,Tufted Globemallow,41.16,75.59,45.24,1000782
783,Cloudberry,178.09,326.82,89.99,1000783
784,Pterocarpus,192.02,359.31,41.18,1000784
785,Smallflower Lilythorn,158.2,337.32,89.54,1000785
786,Orthotrichum Moss,177.04,394.39,8.92,1000786
787,Cracked Lichen,131.41,265.98,21.89,1000787
788,Mertens' Oxytrope,158.75,489.22,81.95,1000788
789,Downy Phlox,154.75,392.54,82.32,1000789
790,Wideleaf Polargrass,30.84,30.86,18.81,1000790
791,Milkweed Milkvetch,47.78,190.86,82.84,1000791
792,Domingoa,85.42,389.42,99.14,1000792
793,Pomegranate,198.84,251.49,31.21,1000793
794,Chainfern,183.33,134.84,56.43,1000794
795,Orthodontium Moss,10.06,172.28,17.88,1000795
796,Upright Pellitory,20.35,82.78,27.92,1000796
797,Florida Hammock Sedge,41.22,257.85,55.42,1000797
798,Map Lichen,97.42,208.35,14.41,1000798
799,Sugar Maple,14.68,17.03,45.32,1000799
800,American Chickweed,186.73,31.56,19.41,1000800
801,Carrotwood,40.21,60.43,41.21,1000801
802,Common Hop,49.27,21.26,11.88,1000802
803,Eastern Marsh Fern,60.9,110.26,75.08,1000803
804,Coastal Miterwort,113.86,258.84,85.33,1000804
805,New Mexico Spanish Bayonet,2.1,420.91,24.42,1000805
806,Cross Mountain Rockcress,133.45,275.05,76.4,1000806
807,Kula Stenogyne,42.07,217.19,83.4,1000807
808,Carawayleaf Gilia,166.79,436.71,67.34,1000808
809,Everlasting-flower,63.94,22.65,3.34,1000809
810,False Mallow,38.79,245.85,72.05,1000810
811,Mudplantain,35.94,318.42,53.67,1000811
812,Sand Blackberry,100.81,362.96,82.02,1000812
813,Acrocordia Lichen,107.58,285.52,58.22,1000813
814,Ribbon Fern,29.84,385.15,20.06,1000814
815,Reindeer Lichen,178.02,319.09,9.42,1000815
816,Canada Germander,72.28,42.94,11.71,1000816
817,Colorado Blue Columbine,152.13,170.73,12.02,1000817
818,California Huckleberry,143.59,383.44,64.86,1000818
819,Sicklefruit Hypecoum,135.35,263.07,64.82,1000819
820,Argentinian Crabgrass,112.23,170.59,21.94,1000820
821,Munz's Bedstraw,90.99,323.29,8.13,1000821
822,Lilyturf,8.49,312.12,82.5,1000822
823,Koolau Range Pritchardia,137.1,19.45,46.09,1000823
824,Triangle Waterfern,43.71,343.47,68.79,1000824
825,Darlington Oak,185.78,464.32,9.76,1000825
826,White Mountain Lupine,116.49,462.47,82.21,1000826
827,Bush's Fissidens Moss,78.35,318.17,96.34,1000827
828,Dubautia,49.93,71.89,53.66,1000828
829,Spruce Pine,28.54,126.43,7.27,1000829
830,Heartleaf Thorn-mint,50.07,273.73,79.47,1000830
831,Kamanomano,155.67,407.34,33.13,1000831
832,Horsetail,173.47,60.07,26.27,1000832
833,Nerveray,104.58,7.29,67.42,1000833
834,Lowbush Blueberry,121.81,73.92,44.94,1000834
835,Nevada Catchfly,187.06,86.3,26.7,1000835
836,Alkali Desertparsley,97.82,369.89,18.79,1000836
837,Howell's Thelypody,52.11,219.52,40.13,1000837
838,Coffee,53.96,31.35,79.08,1000838
839,Shrubby Restharrow,98.37,51.99,35.98,1000839
840,Dotted Smartweed,8.94,431.8,63.04,1000840
841,Stinking Hawksbeard,179.01,422.61,74.3,1000841
842,Sago Palm,111.25,365.67,85.79,1000842
843,Onescale Spikerush,188.09,192.59,90.53,1000843
844,Langsdorff's Tobacco,48.78,483.8,16.39,1000844
845,Desert Draba,78.94,98.42,56.66,1000845
846,Cottonbush,51.02,177.15,26.74,1000846
847,Wavyleaf Soap Plant,108.42,418.97,35.9,1000847
848,Melonleaf Nightshade,118.75,228.21,84.95,1000848
849,Western Catchfly,16.31,410.96,42.32,1000849
850,Andreaea Moss,3.93,33.18,40.03,1000850
851,Koronivia Grass,158.26,412.51,19.53,1000851
852,Parish's Milkvetch,127.22,291.35,14.54,1000852
853,Sierra Cliffbrake,43.35,471.64,86.85,1000853
854,Munz's Buckwheat,190.94,290.17,72.81,1000854
855,Remy's Pepperweed,191.47,411.32,31.14,1000855
856,Muskflower,86.15,220.55,97.04,1000856
857,Kamo'oloa Cyrtandra,32.34,79.13,55.36,1000857
858,Ash Creek Mousetail,9.24,231.93,36.43,1000858
859,Sierra Beardtongue,179.14,329.41,53.32,1000859
860,Texas Rim Lichen,19.43,215.37,58.23,1000860
861,Pale Sage,48.82,335.73,60.18,1000861
862,American White Waterlily,119.03,207.57,33.26,1000862
863,Wallflower Phoenicaulis,37.42,466.1,8.61,1000863
864,Boulder Mountain Cinquefoil,165.02,483.01,88.72,1000864
865,Ottoschulzia,66.59,193.31,42.04,1000865
866,Slimleaf Ticktrefoil,20.92,108.61,84.97,1000866
867,Machaerium,187.9,15.47,43.55,1000867
868,Paspalum,71.41,422.25,58.21,1000868
869,Rock Babyboot Orchid,48.62,334.62,25.43,1000869
870,Torrey Pine,77.34,143.9,51.04,1000870
871,Texas Snowbell,96.52,379.76,9.39,1000871
872,Common Hop,111.37,194.93,68.08,1000872
873,Protothelenella Lichen,45.9,268.74,27.43,1000873
874,Selwyn's Atrichum Moss,71.93,416.09,23.18,1000874
875,Wand Dewberry,142.77,156.23,82.29,1000875
876,Tioga Gentian,167.33,401.31,16.5,1000876
877,Serviceberry,55.2,64.88,19.83,1000877
878,Hawkweed Oxtongue,2.91,89.39,15.21,1000878
879,Low Philonotis Moss,166.94,21.64,50.28,1000879
880,Mesamint,15.54,135.07,3.03,1000880
881,Snow Cinquefoil,125.96,350.39,5.37,1000881
882,Mycoporum Lichen,77.39,351.0,39.66,1000882
883,Cyrtandra,155.84,285.2,18.51,1000883
884,Sacajawea Bitter Root,155.62,68.07,3.17,1000884
885,Napa Milkvetch,73.32,499.57,23.13,1000885
886,Cup Lichen,8.37,278.76,39.67,1000886
887,Plains Muhly,82.81,75.71,29.69,1000887
888,California Threeawn,139.12,110.48,21.52,1000888
889,Stigmidium Lichen,117.73,163.7,36.59,1000889
890,Malanga,193.8,83.43,78.11,1000890
891,Tehama Copper Moss,32.99,61.81,42.32,1000891
892,Calico Aster,176.67,230.73,8.98,1000892
893,Yellow Pepperweed,118.71,360.91,15.99,1000893
894,Yellow Nightshade Groundcherry,50.62,371.81,83.17,1000894
895,Jensen's Polytrichum Moss,101.98,282.09,91.01,1000895
896,Dot Lichen,120.24,453.18,83.48,1000896
897,Ozark Witchhazel,122.24,443.52,92.29,1000897
898,Hollyleaf Cherry,69.67,457.61,19.67,1000898
899,Rimmed Lichen,115.56,185.81,55.51,1000899
900,Hart's Tonguefern,126.21,40.99,74.69,1000900
901,Astrothelium Lichen,87.6,62.79,51.55,1000901
902,Dimple Lichen,19.43,477.92,21.96,1000902
903,Perezia,93.82,258.06,75.12,1000903
904,Utah Juniper,11.59,469.22,1.12,1000904
905,Baneberry,130.39,321.82,49.58,1000905
906,Hybrid Oak,196.17,268.47,10.63,1000906
907,Coscinodon Moss,52.98,396.97,25.36,1000907
908,Shaggy Fleabane,136.79,165.95,82.45,1000908
909,Gypsoplaca Lichen,142.51,356.84,36.4,1000909
910,Marigold Pepper,32.37,324.35,28.94,1000910
911,Multibloom Hoarypea,154.57,386.0,21.03,1000911
912,Hobblebush,158.0,271.66,49.09,1000912
913,Thelomma Lichen,44.38,472.58,91.64,1000913
914,Milkberry,180.12,396.65,29.65,1000914
915,Rinodina Lichen,194.14,280.96,11.85,1000915
916,Clustered Bushmint,108.01,450.29,24.64,1000916
917,Common Sneezeweed,146.85,303.81,82.77,1000917
918,Weinmannia,86.04,188.0,51.84,1000918
919,Sheep Cinquefoil,166.67,454.78,80.59,1000919
920,Sloane's Tribisee,179.76,10.44,74.04,1000920
921,Wart Lichen,19.03,108.01,42.43,1000921
922,Common Oat,135.73,349.65,89.83,1000922
923,Bluntleaved Orchid,104.54,131.96,62.58,1000923
924,Red Hawksbeard,3.21,224.79,17.48,1000924
925,Oppositeleaf Bahia,99.01,209.11,66.61,1000925
926,Spreading Phlox,41.18,245.0,66.57,1000926
927,Lewis Flax,184.07,49.81,97.15,1000927
928,Bluehead Gilia,6.53,409.24,55.89,1000928
929,Opposite-leaved Tarweed,1.3,471.86,51.07,1000929
930,Hammock Shrubverbena,14.27,296.96,95.51,1000930
931,Eschscholtz's Buttercup,29.52,319.23,90.08,1000931
932,Shy Wallflower,58.3,286.72,6.68,1000932
933,Bristly Locust,113.94,443.91,41.31,1000933
934,Elaeocarpus,191.59,298.43,95.52,1000934
935,Little Heartleaf,102.95,184.46,19.01,1000935
936,Hartweg's Spineflower,88.64,371.99,71.88,1000936
937,Sticky Goldenweed,169.75,98.18,17.48,1000937
938,Burrobrush,105.58,98.57,86.57,1000938
939,Rimelia Lichen,63.94,342.29,6.85,1000939
940,Lodgepole Pine,142.69,317.48,34.71,1000940
941,Zululand Cycad,151.33,202.08,7.98,1000941
942,Dogtooth Violet,165.07,393.44,10.72,1000942
943,Blue Woodruff,83.25,306.17,65.84,1000943
944,Cedro Macho,154.09,337.79,25.5,1000944
945,Shasta Knotweed,36.51,378.84,85.28,1000945
946,Bastard Oak,127.27,328.54,12.8,1000946
947,Longbract Spiderwort,58.5,263.16,72.06,1000947
948,Degener's Argyrautia,94.09,177.3,70.09,1000948
949,Narrowleaf Crimson Clover,191.12,317.03,4.54,1000949
950,Cryptothele Lichen,124.86,394.01,88.31,1000950
951,Nipplebract Arrowhead,193.13,99.31,53.27,1000951
952,Scottish Licorice-root,52.63,295.78,64.61,1000952
953,Droopflower Clover,57.48,288.97,44.38,1000953
954,Erioderma Lichen,73.92,40.21,26.42,1000954
955,San Clemente Island Woodland-star,116.72,121.1,53.45,1000955
956,Santa Cruz Island Silverhosackia,45.14,398.09,11.92,1000956
957,Purple Cyanea,61.31,143.92,80.39,1000957
958,Schleicher's Bryum Moss,67.49,46.42,26.0,1000958
959,Disk Lichen,23.64,160.9,47.43,1000959
960,Golden Currant,4.87,220.31,78.91,1000960
961,Manchurian Walnut,128.93,56.06,65.76,1000961
962,Thelopsis Lichen,165.68,67.13,44.87,1000962
963,Whitish Gentian,157.74,257.6,26.28,1000963
964,Japanese Climbing Fern,114.74,345.27,46.7,1000964
965,Twoheaded Water-starwort,26.82,414.41,46.21,1000965
966,Seaside Sandplant,57.46,270.98,47.92,1000966
967,Oreoxis,191.18,76.98,14.08,1000967
968,Riverbank Vervain,7.25,338.64,21.31,1000968
969,Coast Range Stonecrop,78.56,463.17,25.63,1000969
970,Arrowgrass,64.28,347.94,4.27,1000970
971,Intermountain Phacelia,1.97,139.94,6.08,1000971
972,Loxospora Lichen,146.67,472.27,29.89,1000972
973,Brigantiaea Lichen,97.43,447.52,11.3,1000973
974,Snow Lichen,2.61,486.75,97.42,1000974
975,Simpleleaf Bushweed,33.92,182.28,58.26,1000975
976,Roccellina Lichen,22.76,339.29,72.21,1000976
977,Fassett's Water-starwort,53.72,179.16,2.03,1000977
978,Idaho Gumweed,68.62,361.29,64.66,1000978
979,Reindeer Lichen,51.13,424.05,28.99,1000979
980,Dwarf Birch,193.72,190.58,97.77,1000980
981,False Toadflax,192.25,251.66,47.15,1000981
982,Low Spurge,171.88,75.76,33.24,1000982
983,Charlotte's Phacelia,184.45,343.5,49.16,1000983
984,Hydrothyria Lichen,58.69,275.95,31.14,1000984
985,Wild Yam,136.58,261.87,92.57,1000985
986,Sharptooth Blacksnakeroot,109.03,117.64,98.24,1000986
987,Pincushion Beardtongue,177.73,290.96,60.85,1000987
988,Pale Desert-thorn,56.89,295.27,61.3,1000988
989,Christiansen's Hobsonia Lichen,170.94,328.22,28.5,1000989
990,Davis' Sedge,48.57,103.04,91.99,1000990
991,Rinodina Lichen,167.46,104.43,65.53,1000991
992,Roundleaf Leather-root,31.66,51.15,59.19,1000992
993,Bigseed Alfalfa Dodder,70.27,332.32,23.82,1000993
994,Cascade Lake Ceanothus,162.04,405.67,64.24,1000994
995,Roughpod Bladderpod,154.19,486.84,60.48,1000995
996,Marlberry,19.51,14.82,45.81,1000996
997,Psoralea Globemallow,136.99,184.69,30.05,1000997
998,Grassleaf Ticktrefoil,60.16,437.71,34.97,1000998
999,Drummond's Entosthodon Moss,24.26,168.65,67.95,1000999
1000,Daggerleaf Clubmoss,44.19,387.16,21.4,1001000
1001,Wood,7.04,163.44,60.78,1001001
1002,Wood,72.04,1.44,60.28,1001002
1003,Wood,72.06,36.44,60.98,1001003
1004,Wood,72.05,16.44,68.28,1001004
1005,Wood,72.07,46.44,67.28,1001005
1006,Wood,72.05,76.44,65.28,1001006
1007,Wood,72.05,56.44,63.28,1001007
1008,Wood,72.07,16.48,65.28,1001008
1009,Wood,72.08,6.44,63.28,1001009
