codi,nom,mida,pes,data_creacio,cost,ID_Fabrica,ID_Article,ID_Categoria,ID_Documentacio
1000001,Apple - Fuji,477.3,146.44,2012-09-25,321.99,12,1,15,89
1000002,Rice Paper,156.99,198.15,1999-09-04,143.78,48,2,15,569
1000003,Wasabi Paste,146.05,130.08,2003-05-04,9.42,22,3,15,693
1000004,"Seedlings - Buckwheat, Organic",113.81,156.81,2012-01-25,59.97,8,5,15,597
1000005,French Pastries,30.5,152.31,2011-11-15,444.57,32,6,15,549
1000006,Bread - Flat Bread,310.57,20.15,1993-12-10,355.9,38,8,15,642
1000007,Lemon Pepper,44.66,212.65,2019-01-14,297.28,12,9,15,150
1000008,Tea - Honey Green Tea,331.44,1.17,2005-03-14,458.7,19,10,15,246
1000009,Chicken - Base,427.77,3.49,1995-08-02,292.2,21,11,15,5
1000010,Olives - Stuffed,287.84,181.9,1999-09-30,245.29,21,12,15,563
1000011,Ham - Black Forest,159.21,117.25,1996-01-28,93.84,23,239,2,3
1000012,Radish - Pickled,195.91,156.99,2004-01-14,356.2,30,2735,9,151
1000013,Pastry - Raisin Muffin - Mini,423.7,161.71,2011-11-17,81.76,47,1140,11,495
1000014,Capicola - Hot,86.5,70.91,2019-04-06,190.84,3,2887,1,606
1000015,Grand Marnier,438.26,145.39,1992-01-23,404.97,19,2897,6,381
1000016,Soup - Campbells - Chicken Noodle,8.88,227.57,1990-09-19,271.59,14,119,11,673
1000017,"Cheese - Cheddar, Old White",56.61,227.76,1992-05-08,453.99,3,2820,6,791
1000018,"Mushroom - Shitake, Fresh",132.54,215.99,2002-03-31,363.37,9,1556,12,47
1000019,Monkfish - Fresh,6.22,105.77,2017-06-23,206.98,34,2156,9,383
1000020,Beets - Golden,444.04,240.18,1996-01-05,218.6,32,1103,7,783
1000021,Cheese - Le Cru Du Clocher,300.19,125.73,2010-12-10,160.79,15,2822,10,602
1000022,Chevril,4.65,80.32,2008-05-02,205.15,12,1123,2,512
1000023,Otomegusa Dashi Konbu,484.05,266.55,1995-01-16,262.49,11,241,1,833
1000024,"Wine - White, Schroder And Schyl",114.38,106.24,1992-03-31,455.13,1,538,13,497
1000025,Cheese - Camembert,244.31,241.77,2005-12-17,100.43,34,943,14,507
1000026,Table Cloth - 53x69 Colour,56.33,216.63,1997-08-12,387.05,35,2195,14,366
1000027,Potatoes - Fingerling 4 Oz,488.4,179.24,2019-09-27,237.75,21,1094,10,853
1000028,Appetiser - Bought,212.81,186.14,2001-03-09,142.0,10,2295,2,971
1000029,Muffin - Bran Ind Wrpd,159.85,63.65,1990-07-15,90.9,8,1381,7,778
1000030,Canada Dry,195.03,222.87,1995-01-22,228.0,8,1062,14,867
1000031,Cheese - Mix,470.16,102.88,1999-02-15,209.02,34,2826,4,482
1000032,Fib N9 - Prague Powder,117.0,95.16,2001-08-21,25.33,44,1354,8,852
1000033,Squash - Sunburst,336.58,254.13,2013-01-28,177.69,48,1809,6,847
1000034,Bagel - Everything Presliced,498.12,267.9,2015-02-26,330.42,12,533,14,965
1000035,Jam - Raspberry,394.56,107.19,2015-09-13,462.12,49,1998,14,828
1000036,Emulsifier,151.21,171.4,2000-11-04,8.03,7,784,6,850
1000037,"Beans - Fava, Canned",365.96,88.07,2007-11-15,329.94,37,232,5,819
1000038,Veal - Knuckle,105.51,12.73,1990-09-10,299.63,8,139,1,573
1000039,Sultanas,140.38,83.49,2015-02-13,140.31,13,2874,10,175
1000040,Wine - Dubouef Macon - Villages,341.57,135.94,1994-04-16,496.44,11,1361,1,868
1000041,Steam Pan Full Lid,496.63,20.43,2004-10-23,434.78,40,2997,6,796
1000042,Chocolate Bar - Smarties,408.91,272.09,2015-04-18,388.06,20,1959,7,84
1000043,Rosemary - Fresh,438.11,120.77,2017-05-15,210.24,22,438,7,325
1000044,Veal - Nuckle,62.06,151.26,2003-11-29,53.8,31,310,10,334
1000045,Wine - Rubyport,300.24,141.88,2004-01-29,199.91,40,2699,11,529
1000046,Eggplant - Asian,331.51,250.07,2010-09-23,41.28,3,1080,7,828
1000047,Peppercorns - Green,173.62,211.6,2018-11-15,413.97,13,1815,9,877
1000048,Energy Drink - Redbull 355ml,18.71,214.79,2009-04-06,184.21,5,1336,3,745
1000049,Wine - Zinfandel Rosenblum,488.69,56.66,2002-02-17,212.21,40,875,1,865
1000050,Wine - Soave Folonari,134.86,105.59,2013-05-15,477.05,39,2128,10,452
1000051,"Nut - Hazelnut, Whole",363.9,221.21,2002-07-14,127.52,32,2489,6,275
1000052,Knife Plastic - White,282.46,32.65,2016-11-23,90.1,3,991,6,289
1000053,Apple - Royal Gala,165.25,282.65,2004-04-15,428.7,23,2369,10,884
1000054,Carbonated Water - Blackcherry,392.23,172.18,1995-03-07,152.14,30,2610,2,939
1000055,Oil - Pumpkinseed,406.83,76.36,2007-05-25,80.76,35,761,11,373
1000056,Onion - Dried,450.9,115.64,1991-12-11,77.01,32,138,5,510
1000057,"Mushroom - Morels, Dry",64.9,289.13,2002-03-22,30.73,37,648,14,928
1000058,Cheese - Mozzarella,115.74,242.45,2015-03-03,238.72,10,2715,1,511
1000059,Beer - Tetleys,233.21,285.08,2005-06-19,332.55,47,2452,5,84
1000060,Turnip - White,474.6,53.17,1999-01-01,39.54,25,1777,3,702
1000061,Avocado,68.92,217.66,1998-12-22,213.2,19,870,4,395
1000062,Tomatoes - Yellow Hot House,484.79,122.52,2013-12-14,381.49,7,1867,13,584
1000063,Mousse - Passion Fruit,80.85,69.3,2017-08-17,314.52,40,999,5,303
1000064,"Liqueur Banana, Ramazzotti",456.13,101.2,1991-08-28,293.27,41,234,9,868
1000065,Kolrabi,337.22,8.69,2002-02-14,70.41,23,1666,2,323
1000066,Ham - Black Forest,423.71,291.74,2015-02-06,421.34,24,1838,14,5
1000067,Buffalo - Short Rib Fresh,156.69,188.06,2011-03-07,426.97,4,105,8,774
1000068,Pasta - Ravioli,231.82,109.8,1995-07-20,159.36,41,1810,8,155
1000069,Wine - Riesling Dr. Pauly,424.35,5.88,2002-05-01,448.77,34,1763,4,949
1000070,"Rum - White, Gg White",260.04,90.85,2002-12-25,283.1,6,756,14,302
1000071,Magnotta - Bel Paese White,407.4,271.2,1995-05-09,389.26,25,1943,5,276
1000072,Turkey - Ground. Lean,76.16,32.39,1991-01-04,297.72,23,241,2,968
1000073,Squid U5 - Thailand,238.55,34.17,2002-07-25,400.78,27,1735,3,891
1000074,"Wine - Red, Pelee Island Merlot",347.11,40.13,2016-02-19,484.97,39,2022,1,265
1000075,"Bread - Pita, Mini",335.92,204.76,1993-07-21,247.29,22,2434,7,893
1000076,Coffee - Cafe Moreno,342.6,213.12,2019-07-12,126.93,49,230,5,282
1000077,Chocolate - Feathers,337.24,110.56,1996-03-25,354.45,37,2563,8,847
1000078,Mortadella,416.86,72.8,2014-02-26,178.68,33,1796,10,519
1000079,Sobe - Orange Carrot,179.54,79.53,1995-03-10,371.08,7,749,5,143
1000080,"Beef - Tongue, Fresh",364.69,294.95,2002-09-13,55.34,46,29,5,571
1000081,Pickles - Gherkins,225.38,12.28,2008-01-15,151.86,2,2126,4,630
1000082,"Potatoes - Instant, Mashed",271.45,62.22,2014-02-05,194.52,28,2674,2,720
1000083,Pepper - Chili Powder,316.85,203.7,2015-09-11,474.26,25,520,9,997
1000084,"Bread - Roll, Soft White Round",187.86,151.68,1992-02-08,372.09,3,2706,12,415
1000085,Crackers - Trio,411.34,38.62,2005-01-25,257.65,38,183,10,971
1000086,"Soup - Knorr, French Onion",150.17,165.36,2007-12-19,251.5,10,1104,12,264
1000087,Pectin,396.22,224.39,2002-05-25,357.47,33,662,9,447
1000088,Pepper - Red Bell,346.45,197.5,2013-02-03,452.9,16,73,6,133
1000089,Taro Leaves,232.42,294.57,2008-01-21,216.45,14,218,7,605
1000090,Sugar - Fine,16.02,264.71,2002-04-25,407.82,34,2402,2,966
1000091,"Trout - Rainbow, Fresh",141.24,88.31,2013-06-24,79.95,11,1129,13,739
1000092,Wine - Coteaux Du Tricastin Ac,268.46,104.58,2007-01-08,21.57,4,2619,13,860
1000093,Nantucket - Carrot Orange,379.55,55.32,1999-10-07,425.26,30,2654,12,56
1000094,"Yogurt - Peach, 175 Gr",131.89,157.27,2007-08-18,27.85,18,2913,6,693
1000095,"Oranges - Navel, 72",63.18,161.74,2012-04-24,373.78,4,1255,3,598
1000096,"Flour - Corn, Fine",118.17,234.14,2017-09-09,51.82,1,1004,14,972
1000097,Appetizer - Sausage Rolls,216.86,226.21,2011-06-16,183.36,15,2710,3,36
1000098,"Napkin - Beverge, White 2 - Ply",348.84,32.28,2014-07-16,231.15,49,1704,4,388
1000099,Bagel - Everything Presliced,381.38,99.52,2007-04-18,362.25,48,2580,7,88
1000100,Soup - Campbells Pasta Fagioli,188.99,123.99,1998-09-29,338.45,31,2176,11,191
1000101,Pomello,402.51,116.99,2019-11-19,497.87,40,2705,1,753
1000102,Bagel - Whole White Sesame,207.8,133.36,2014-03-16,384.13,40,896,7,616
1000103,"Pork - Back, Long Cut, Boneless",362.98,227.9,1993-12-23,21.15,48,2485,4,78
1000104,"Pasta - Lasagne, Fresh",418.54,22.1,2019-04-29,138.4,14,2079,11,214
1000105,Nantucket - Carrot Orange,356.27,244.54,2010-01-29,18.97,39,1297,6,125
1000106,Soup Campbells Beef With Veg,46.57,58.47,1998-02-14,229.41,41,2921,12,361
1000107,Durian Fruit,20.38,228.55,1998-09-19,460.88,4,1812,10,812
1000108,Bread - Granary Small Pull,36.18,298.45,1992-10-30,262.22,12,1786,8,483
1000109,"Mushroom - Chanterelle, Dry",447.31,83.02,2010-09-20,364.21,36,2871,11,415
1000110,Venison - Liver,353.94,125.23,2011-04-22,171.12,45,2626,7,21
1000111,Milk - Chocolate 250 Ml,120.11,45.44,1992-04-04,112.55,47,2885,5,168
1000112,Mushroom - Morel Frozen,149.22,122.05,2006-02-22,136.37,5,549,7,961
1000113,Melon - Cantaloupe,468.55,7.97,1995-08-25,12.92,44,2185,9,14
1000114,Shiratamako - Rice Flour,229.18,121.04,2019-09-30,438.64,37,2581,6,879
1000115,Lamb - Ground,39.15,255.14,1998-06-13,315.1,36,98,14,504
1000116,Ecolab - Power Fusion,150.78,264.79,2009-04-21,74.38,39,886,10,572
1000117,Dates,15.78,15.96,2013-08-25,213.92,13,797,5,861
1000118,Ginger - Ground,304.92,117.75,2019-02-24,290.07,39,262,7,135
1000119,Halibut - Steaks,360.27,241.32,2000-07-28,311.83,23,1022,3,43
1000120,Beer - Moosehead,418.81,162.36,2012-04-11,164.92,13,2062,14,699
1000121,Flour - All Purpose,339.37,13.15,2010-04-10,245.15,46,564,13,600
1000122,"Lamb - Racks, Frenched",12.61,140.76,2010-02-27,100.91,16,629,3,638
1000123,"Tray - Foam, Square 4 - S",114.84,71.28,2009-12-01,334.84,38,646,2,312
1000124,"Tart Shells - Sweet, 4",193.64,26.79,2011-09-22,434.85,30,2762,6,35
1000125,Lettuce - Arugula,72.2,131.02,2010-06-05,181.63,24,498,8,658
1000126,"Yogurt - Peach, 175 Gr",22.3,123.16,1997-12-31,345.58,28,784,10,626
1000127,Yogurt - French Vanilla,180.95,46.16,2011-01-12,94.87,44,348,14,494
1000128,Praline Paste,220.37,155.22,2004-02-07,167.56,29,25,4,861
1000129,Bread Country Roll,153.14,294.77,2017-12-12,234.42,47,109,2,666
1000130,Wine - Magnotta - Cab Sauv,209.14,193.06,1994-11-29,474.29,4,547,10,961
1000131,Ecolab - Power Fusion,454.79,4.96,2007-08-29,138.03,36,1353,4,486
1000132,"Bread - Bagels, Plain",276.59,285.29,1993-06-29,372.21,49,2324,3,187
1000133,Energy Drink Red Bull,262.37,24.65,2020-02-29,87.86,48,2603,7,244
1000134,Chips Potato Salt Vinegar 43g,377.9,174.75,1998-11-24,347.68,22,1228,10,377
1000135,Muffin Mix - Banana Nut,207.29,208.08,2013-05-05,288.75,38,32,10,795
1000136,"Flour - Buckwheat, Dark",174.32,39.08,2015-04-26,20.16,43,1811,12,172
1000137,Sugar - White Packet,411.08,298.21,2008-01-07,270.23,21,2390,10,778
1000138,Scallops - 10/20,205.85,258.37,2019-04-14,187.96,35,180,5,6
1000139,Garlic Powder,46.61,88.68,2010-06-22,203.66,49,2895,4,738
1000140,Macaroons - Homestyle Two Bit,371.74,194.15,2010-08-31,142.75,19,1980,13,195
1000141,Tamarillo,332.38,14.34,2007-01-27,429.02,41,1259,12,568
1000142,"Wine - Red, Antinori Santa",422.17,7.01,2012-01-17,404.42,43,2500,6,343
1000143,Muffin - Carrot Individual Wrap,479.96,1.26,2019-06-18,360.61,49,832,10,80
1000144,"Chicken - Breast, 5 - 7 Oz",377.57,209.11,1991-09-08,145.26,22,410,12,300
1000145,Tomatillo,10.7,178.04,2000-06-07,97.01,7,452,9,533
1000146,Cake - Cake Sheet Macaroon,449.77,293.27,2012-02-15,472.26,12,520,8,100
1000147,Muffin Mix - Corn Harvest,349.62,107.94,1998-06-09,187.51,18,2743,6,820
1000148,"Doilies - 8, Paper",106.97,210.48,2002-04-21,346.88,11,187,6,433
1000149,Foil - 4oz Custard Cup,69.42,94.03,2013-09-08,170.25,8,214,1,329
1000150,Glass Clear 7 Oz Xl,16.72,218.62,2001-05-01,40.7,27,2093,1,81
1000151,Cake - Bande Of Fruit,379.05,156.01,2017-09-03,325.97,4,1189,8,190
1000152,"Lamb - Pieces, Diced",471.03,186.03,2016-03-18,102.92,31,224,14,580
1000153,Pickerel - Fillets,331.06,163.2,2018-11-23,56.57,35,2492,6,668
1000154,Country Roll,258.58,68.52,2005-01-09,227.73,45,1338,8,20
1000155,Nori Sea Weed - Gold Label,143.36,49.69,2018-01-07,99.83,15,859,5,59
1000156,"Pepper - White, Ground",159.75,74.23,2010-09-02,99.03,38,2838,9,588
1000157,Paper - Brown Paper Mini Cups,499.24,198.01,2003-03-30,120.35,8,1535,10,767
1000158,"Plate - Foam, Bread And Butter",172.94,139.07,1999-08-28,478.26,49,990,1,627
1000159,"Crush - Grape, 355 Ml",321.85,227.68,1997-03-04,490.93,20,1049,10,226
1000160,Ecolab - Solid Fusion,218.81,83.73,2000-06-30,173.73,21,1698,11,994
1000161,Sauce Bbq Smokey,131.18,97.96,2011-03-11,368.28,35,1822,14,739
1000162,Lettuce - Curly Endive,284.75,85.65,1997-08-02,52.64,28,2328,13,325
1000163,Paste - Black Olive,9.4,181.51,2004-07-14,11.64,49,2897,11,730
1000164,Shiratamako - Rice Flour,387.92,197.14,2015-08-20,373.16,45,1557,11,955
1000165,Sun - Dried Tomatoes,145.46,259.23,2000-08-06,107.53,9,2517,1,56
1000166,Lamb Rack Frenched Australian,159.76,247.11,2010-06-04,129.33,10,1291,7,686
1000167,"Beef - Tenderlion, Center Cut",222.04,256.21,2009-11-12,305.82,31,2727,14,703
1000168,Napkin White,214.47,21.5,2014-05-05,375.06,4,2014,12,669
1000169,Lettuce - California Mix,266.79,70.9,2004-08-28,38.78,38,1427,11,460
1000170,Spic And Span All Purpose,396.44,122.21,2011-05-10,360.08,39,494,1,710
1000171,"Pasta - Lasagne, Fresh",191.33,168.2,1994-07-18,475.96,38,2992,10,235
1000172,Flower - Leather Leaf Fern,107.3,76.79,2003-05-06,321.27,18,2246,4,581
1000173,Beef - Cow Feet Split,129.95,65.22,1995-03-19,260.84,34,2166,4,92
1000174,Table Cloth 62x114 Colour,284.23,140.58,2001-05-26,452.94,27,2846,11,644
1000175,Wine - Fume Blanc Fetzer,263.53,10.34,1994-05-16,75.34,40,2454,6,88
1000176,Bread - Crusty Italian Poly,24.74,69.72,1994-06-22,384.18,38,1711,14,671
1000177,Flower - Carnations,364.11,267.67,2005-09-01,328.83,15,1266,7,467
1000178,Squash - Butternut,224.29,206.07,1993-01-14,138.65,11,1444,1,853
1000179,Wine - Rosso Del Veronese Igt,94.14,168.75,2013-01-19,380.35,19,585,4,296
1000180,Mix - Cocktail Ice Cream,34.42,210.8,2012-05-18,244.29,5,1424,10,236
1000181,Madeira,253.64,125.44,2006-08-19,324.95,18,860,3,307
1000182,Curry Powder Madras,367.01,271.1,2014-03-11,444.84,33,2330,8,268
1000183,Gatorade - Lemon Lime,121.86,172.23,2016-02-28,244.62,3,2872,10,687
1000184,Turkey - Oven Roast Breast,391.12,206.75,1994-01-25,385.02,1,2199,14,329
1000185,Daves Island Stinger,384.91,190.43,2004-08-10,349.41,2,771,9,337
1000186,Pizza Pizza Dough,291.97,54.78,1991-04-24,467.39,50,1897,10,875
1000187,"Crush - Orange, 355ml",386.06,284.56,2007-07-13,229.69,1,371,14,728
1000188,Soup - Cream Of Broccoli,140.77,258.26,2002-02-14,436.34,15,2055,12,687
1000189,"Nut - Hazelnut, Ground, Natural",100.67,32.97,1990-12-13,176.13,30,1412,8,494
1000190,Bar Mix - Lime,172.53,183.42,2008-06-19,21.87,9,479,3,650
1000191,Filo Dough,246.88,139.76,2007-10-07,158.96,31,34,3,470
1000192,Juice - Ocean Spray Cranberry,210.06,266.12,2018-02-26,278.82,4,1467,14,3
1000193,"Fish - Artic Char, Cold Smoked",275.66,181.21,2007-03-03,283.64,2,2680,10,849
1000194,Bread - Sour Sticks With Onion,30.8,78.99,1994-01-31,328.63,13,2018,5,900
1000195,Coconut - Whole,413.2,297.56,1991-06-11,372.79,34,2717,9,567
1000196,Cheese - Pont Couvert,140.18,158.75,2007-07-13,284.24,2,1868,4,543
1000197,Alize Sunset,112.52,275.5,2015-02-07,377.51,36,2333,6,212
1000198,Beer - Moosehead,378.06,51.36,2005-08-15,168.31,25,2438,11,405
1000199,Turnip - White,213.93,181.97,2017-07-03,408.47,27,2458,4,400
1000200,Appetizer - Shrimp Puff,324.54,47.37,1992-05-24,194.94,1,1325,1,881
1000201,Icecream Bar - Del Monte,349.89,119.1,2002-04-03,8.26,41,1938,9,462
1000202,Eel - Smoked,481.82,53.35,1996-06-25,454.13,38,329,13,998
1000203,Coffee Cup 16oz Foam,465.42,249.82,1990-07-30,312.94,45,2361,12,178
1000204,"Wine - Red, Antinori Santa",66.88,128.32,2002-02-13,178.36,32,822,6,179
1000205,Oil - Hazelnut,314.2,83.04,1994-10-18,42.66,22,1746,1,320
1000206,Cherries - Fresh,194.05,41.96,2019-12-23,216.24,11,1895,8,725
1000207,Grenadine,189.64,246.92,2005-12-20,444.76,24,2463,6,86
1000208,"Lobster - Baby, Boiled",160.21,227.92,2007-04-21,413.06,28,1894,2,653
1000209,Energy Drink,299.85,35.28,2007-01-19,36.84,40,1657,13,283
1000210,Wine - Lamancha Do Crianza,293.37,197.8,2018-03-09,338.09,23,663,6,646
1000211,Oil - Avocado,275.14,288.82,1997-09-14,489.84,34,1073,8,696
1000212,"Chestnuts - Whole,canned",58.94,145.52,2009-02-12,132.44,18,300,10,617
1000213,Beer - Muskoka Cream Ale,27.03,53.31,2009-11-16,366.81,16,170,11,980
1000214,Star Fruit,15.03,57.96,2011-12-25,86.68,33,1905,1,538
1000215,Coffee - Decafenated,112.45,213.64,1999-11-20,399.62,31,2551,10,545
1000216,Petite Baguette,231.24,130.04,2005-05-04,353.53,34,444,11,987
1000217,Appetizer - Veg Assortment,301.83,254.79,1991-10-15,354.32,4,848,6,868
1000218,Appetizer - Mushroom Tart,282.07,240.0,1993-09-12,369.41,20,1035,8,385
1000219,Red Pepper Paste,187.25,211.71,2013-03-21,18.76,6,1754,12,944
1000220,Cherries - Fresh,440.34,211.28,2001-01-26,465.67,9,2643,4,746
1000221,"Stock - Beef, White",175.37,248.16,2014-03-25,94.93,29,615,2,536
1000222,Muffin - Mix - Strawberry Rhubarb,370.82,215.5,1994-02-05,348.86,33,994,5,280
1000223,Chevril,11.45,285.36,1993-09-30,52.22,25,2968,7,95
1000224,"Juice - V8, Tomato",360.27,293.93,2017-10-04,289.16,45,1568,14,850
1000225,Liners - Baking Cups,212.35,101.08,2002-08-30,380.2,34,959,9,585
1000226,Figs,465.8,112.12,2008-03-27,57.57,48,1333,11,917
1000227,Boogies,68.3,283.36,1999-02-11,468.17,24,773,11,743
1000228,"Sole - Dover, Whole, Fresh",82.92,110.41,1998-06-15,50.53,25,2141,5,52
1000229,Asparagus - Mexican,190.93,229.07,2009-02-19,135.3,38,2522,7,161
1000230,Rice - Aborio,331.74,248.43,1994-09-08,383.8,47,672,6,510
1000231,Wine - Dubouef Macon - Villages,497.39,283.69,1994-01-17,215.75,46,475,5,739
1000232,Eggplant Italian,112.7,243.44,2003-09-21,423.27,9,2416,2,714
1000233,Sauce - Ranch Dressing,340.49,281.41,2001-08-05,352.04,34,1911,6,757
1000234,Wine - Cotes Du Rhone Parallele,305.02,51.18,1996-01-17,259.93,19,2905,11,741
1000235,The Pop Shoppe - Grape,482.79,153.75,2005-10-22,241.16,42,1357,13,967
1000236,"Wine - Red, Gallo, Merlot",429.04,175.72,2015-05-01,373.53,25,66,3,775
1000237,"Mushrooms - Black, Dried",423.78,237.3,1999-10-20,169.8,11,2675,10,112
1000238,Coffee - Egg Nog Capuccino,333.91,296.53,2004-03-31,416.49,48,2465,10,840
1000239,Ecolab - Lime - A - Way 4/4 L,318.37,234.17,2008-01-08,180.79,15,2656,10,311
1000240,"Soup - Campbells, Lentil",389.69,132.12,2016-11-15,290.48,4,63,12,966
1000241,Longos - Cheese Tortellini,279.69,228.47,1994-06-25,111.28,49,1080,14,376
1000242,Prunes - Pitted,380.22,188.48,2000-03-12,315.66,36,2648,12,748
1000243,Cookies Almond Hazelnut,141.64,220.63,1993-06-03,217.23,39,1995,13,310
1000244,Gingerale - Diet - Schweppes,68.28,145.98,1998-08-11,45.16,42,175,5,947
1000245,Wine - Two Oceans Sauvignon,301.3,121.46,2013-07-28,85.5,7,1786,12,925
1000246,Sandwich Wrap,317.96,252.62,2016-07-09,275.81,32,1766,5,33
1000247,"Jam - Marmalade, Orange",70.8,276.74,2012-03-27,207.23,26,2318,10,611
1000248,Flower - Leather Leaf Fern,288.18,148.38,1995-09-03,211.12,38,444,5,863
1000249,Pears - Bartlett,136.72,10.25,1995-02-14,13.03,25,70,8,111
1000250,"Juice - Orange, 341 Ml",66.29,193.46,1992-10-03,405.29,33,973,1,116
1000251,Beef - Striploin,191.45,131.09,2005-12-27,338.7,27,1904,12,269
1000252,"Juice - Apple, 1.36l",192.99,155.2,2004-12-22,70.09,41,2927,13,447
1000253,Tobasco Sauce,496.69,127.06,1997-01-06,53.85,35,2617,12,940
1000254,Taro Leaves,491.4,263.15,2005-12-12,35.76,12,493,14,568
1000255,Wine - Charddonnay Errazuriz,95.19,219.73,1992-05-26,368.72,47,390,12,679
1000256,Duck - Legs,21.5,235.81,1990-10-08,99.82,50,1236,9,689
1000257,Wine - Champagne Brut Veuve,228.06,242.4,2001-07-28,92.31,32,1908,3,914
1000258,Oil - Pumpkinseed,214.14,91.14,1994-08-24,73.83,31,735,9,235
1000259,Calvados - Boulard,276.29,171.76,1997-03-12,12.95,3,585,3,198
1000260,Coffee - Almond Amaretto,364.34,212.77,2002-07-22,98.54,44,1036,10,85
1000261,Sesame Seed,161.43,246.11,2002-12-07,485.43,7,2431,6,809
1000262,Raisin - Dark,268.69,194.97,2018-12-13,55.44,35,2487,8,841
1000263,"Turkey - Breast, Bone - In",413.91,214.73,1994-10-27,12.84,29,327,2,428
1000264,Quail - Jumbo Boneless,413.68,118.66,2013-03-13,384.87,4,1750,7,800
1000265,Sproutsmustard Cress,353.19,214.76,1995-11-13,381.48,11,44,13,276
1000266,Jameson - Irish Whiskey,249.96,285.72,2008-09-04,324.29,25,2412,6,135
1000267,Garlic Powder,418.17,186.57,2018-03-09,170.69,16,1817,10,864
1000268,Longos - Lasagna Beef,337.39,271.46,2017-12-30,289.76,31,886,2,600
1000269,Bread - Hot Dog Buns,10.68,123.5,1995-03-22,271.51,7,63,12,115
1000270,Wine - Winzer Krems Gruner,483.61,236.47,1992-06-19,422.24,21,2433,6,569
1000271,Eggplant - Regular,427.16,265.12,2014-09-03,336.45,6,2146,6,469
1000272,Cornflakes,278.95,295.52,2015-01-30,130.73,15,100,13,882
1000273,Pastry - Chocolate Marble Tea,307.59,87.45,2014-11-01,148.62,41,2222,9,790
1000274,"Pesto - Primerba, Paste",450.48,110.89,2012-10-31,321.79,10,459,10,209
1000275,Petite Baguette,179.08,4.63,1997-11-16,36.7,50,2721,12,379
1000276,Madeira,318.67,92.0,2012-12-08,66.43,35,1860,7,182
1000277,"Sugar - Sweet N Low, Individual",433.35,43.94,2006-05-26,294.29,2,1487,8,772
1000278,Sauce - Sesame Thai Dressing,6.76,130.73,2001-07-23,368.0,35,2842,6,408
1000279,Cheese Cloth No 60,298.34,126.64,2014-06-20,293.2,15,1049,10,315
1000280,"Pepper - Paprika, Hungarian",273.7,40.04,2002-05-13,423.83,37,472,13,978
1000281,Pasta - Angel Hair,378.89,192.48,2016-10-13,307.77,1,2423,2,275
1000282,"Beef - Tongue, Fresh",32.22,70.79,2014-09-11,96.95,24,655,1,979
1000283,Kaffir Lime Leaves,73.87,282.12,1990-10-05,216.25,4,2899,14,16
1000284,Sambuca - Ramazzotti,209.71,289.74,1990-12-04,424.67,30,2222,14,77
1000285,Ice Cream - Chocolate,230.55,101.26,2013-08-21,406.18,26,81,9,871
1000286,Pea - Snow,446.59,100.42,2005-09-21,134.38,46,1439,6,235
1000287,"Lamb - Shoulder, Boneless",383.26,293.78,1991-09-07,134.21,5,989,14,62
1000288,"Syrup - Golden, Lyles",249.69,90.75,1996-03-31,77.41,18,2337,3,120
1000289,Food Colouring - Red,290.73,53.82,1996-02-29,350.67,41,187,12,183
1000290,Wasabi Paste,118.96,154.47,2016-05-30,29.39,33,550,12,6
1000291,Spinach - Baby,327.74,41.46,1998-01-05,237.19,12,1302,9,82
1000292,Tea - English Breakfast,40.34,14.55,2005-05-02,324.48,40,388,3,613
1000293,Chips - Assorted,302.81,14.42,1995-07-01,333.88,6,1970,6,538
1000294,Yogurt - French Vanilla,4.2,275.86,2010-11-20,158.04,3,722,9,175
1000295,Fruit Salad Deluxe,308.19,64.88,1998-02-20,346.26,39,2208,12,49
1000296,Chickhen - Chicken Phyllo,265.02,251.54,1999-10-08,380.85,10,199,14,824
1000297,"Coffee - Beans, Whole",45.42,269.58,2010-11-27,72.83,45,2107,14,131
1000298,Piping Jelly - All Colours,488.99,70.73,2001-03-26,118.25,19,254,7,851
1000299,Flour - Strong Pizza,261.25,255.33,2008-11-02,47.08,12,2208,10,55
1000300,Yeast Dry - Fleischman,332.15,104.15,2004-04-14,24.54,34,2896,14,975
1000301,Chocolate Eclairs,134.73,199.08,2018-06-12,399.2,20,332,4,734
1000302,Lime Cordial - Roses,424.01,208.71,2002-03-18,497.08,50,2034,3,528
1000303,Wine - Mondavi Coastal Private,164.33,115.28,2014-02-08,154.14,3,2648,11,341
1000304,Sauce - Cranberry,458.64,215.29,1998-01-24,123.97,19,2125,7,988
1000305,Bacardi Mojito,196.14,128.1,2001-09-24,396.6,41,804,3,129
1000306,Bandage - Finger Cots,66.79,228.63,1994-07-08,14.7,20,1871,6,304
1000307,"Tomatoes - Vine Ripe, Yellow",463.98,274.9,2013-05-01,231.5,25,2387,3,562
1000308,Tarragon - Fresh,58.27,206.26,1995-10-17,217.73,46,464,12,388
1000309,Appetizer - Mushroom Tart,324.7,69.44,1999-07-20,220.32,39,2506,3,483
1000310,"Vermouth - White, Cinzano",391.24,251.68,1995-03-18,328.74,16,2056,5,635
1000311,White Fish - Filets,242.0,207.52,2011-12-12,318.19,20,1355,13,556
1000312,Juice - Orange 1.89l,255.67,181.11,1996-11-05,193.79,12,2621,11,693
1000313,Carbonated Water - Peach,463.34,295.95,2005-01-05,145.65,42,2110,2,989
1000314,Bagelers - Cinn / Brown Sugar,29.44,96.1,1995-03-28,37.59,3,205,11,722
1000315,Magnotta Bel Paese Red,103.53,63.88,2018-01-28,340.7,16,2158,11,246
1000316,Bar Bran Honey Nut,437.12,192.64,2009-07-28,186.09,41,2473,12,954
1000317,Sea Bass - Whole,123.83,24.59,2019-11-24,316.24,1,1203,8,818
1000318,"Rice Pilaf, Dry,package",102.3,137.68,2016-01-09,488.95,17,1461,1,528
1000319,Ecolab - Hobart Washarm End Cap,328.51,285.55,2010-07-12,238.53,25,2944,4,896
1000320,Banana,88.35,50.16,2015-01-14,215.74,19,2693,13,492
1000321,Pate - Liver,187.29,240.12,2018-04-02,190.01,16,2513,14,737
1000322,"Soup - French Onion, Dry",81.0,30.51,2009-04-08,84.19,49,992,4,325
1000323,"Lobster - Baby, Boiled",338.47,22.89,2010-09-01,267.31,28,90,14,488
1000324,"Roe - Lump Fish, Red",361.59,188.49,1992-11-04,385.34,25,1868,9,121
1000325,Oven Mitts - 15 Inch,453.82,226.26,2008-04-29,249.52,17,2094,12,57
1000326,"Soup - Knorr, Veg / Beef",33.82,208.91,2006-10-07,419.71,16,327,14,227
1000327,Figs,250.16,123.34,2016-03-02,197.92,10,2080,9,634
1000328,Towel Dispenser,23.09,20.23,2011-12-14,246.04,8,2164,12,666
1000329,Mikes Hard Lemonade,373.45,286.09,2001-03-21,96.75,20,2724,2,741
1000330,Cleaner - Bleach,74.75,230.66,2009-09-25,91.84,14,1723,9,607
1000331,Potatoes - Peeled,426.29,54.67,2017-05-04,59.69,29,1976,4,816
1000332,Papayas,406.15,248.0,1995-01-31,257.01,36,793,8,53
1000333,Cleaner - Lime Away,53.32,133.45,1999-05-14,357.48,42,1231,4,595
1000334,Plasticforkblack,169.42,28.88,1995-06-02,85.3,26,2951,5,634
1000335,Paste - Black Olive,54.53,181.34,2008-10-10,497.18,4,2959,9,538
1000336,Leeks - Large,398.2,69.86,2009-09-21,233.98,41,1940,13,182
1000337,Noodles - Steamed Chow Mein,166.96,101.75,1999-04-23,136.15,45,2197,10,304
1000338,Poppy Seed,102.63,153.78,2015-07-12,368.55,36,2436,8,555
1000339,Cheese - Ermite Bleu,320.22,113.21,2015-05-17,160.21,24,1637,14,952
1000340,Trueblue - Blueberry 12x473ml,80.65,293.96,2001-05-11,303.34,45,1856,8,473
1000341,Squeeze Bottle,128.21,236.8,1990-06-03,123.4,33,1399,10,164
1000342,Sauce Tomato Pouch,337.61,244.37,2013-01-28,120.85,25,2267,11,437
1000343,Ham - Cooked,198.61,183.24,1995-04-30,387.78,17,2234,8,156
1000344,"Wine - Mas Chicet Rose, Vintage",484.71,201.9,2005-02-08,428.19,12,1454,8,944
1000345,Tandoori Curry Paste,157.07,292.72,2003-08-27,99.45,3,1762,4,647
1000346,Pastry - Trippleberry Muffin - Mini,136.65,293.7,2004-04-02,287.85,5,712,3,955
1000347,Quail - Jumbo Boneless,391.81,11.35,2000-08-07,439.65,42,2779,10,161
1000348,Transfer Sheets,372.5,256.28,1993-08-26,492.26,12,2529,9,90
1000349,Squid U5 - Thailand,20.53,149.72,1998-04-14,109.96,49,2750,8,889
1000350,Orange - Blood,385.58,239.57,1994-05-21,273.59,16,2173,3,946
1000351,Icecream Cone - Areo Chocolate,70.11,104.64,2004-12-30,420.62,49,961,3,652
1000352,Coffee Beans - Chocolate,273.87,255.34,2006-03-07,314.7,7,328,3,396
1000353,Spinach - Spinach Leaf,381.46,177.97,2007-04-01,65.58,1,1518,13,130
1000354,Mix - Cappucino Cocktail,326.35,170.07,1990-05-04,270.39,18,1766,12,798
1000355,Chocolate - Feathers,109.73,86.06,1999-09-29,100.49,36,2743,8,450
1000356,"Lamb - Leg, Boneless",177.28,37.51,1990-05-01,453.62,5,1238,2,364
1000357,"Apple - Delicious, Red",29.6,139.95,2017-11-26,143.9,46,1107,13,459
1000358,"Nut - Almond, Blanched, Whole",217.2,36.26,2002-01-29,446.96,42,1774,2,340
1000359,Pepper - Orange,35.11,42.65,1991-05-08,32.57,35,2487,6,399
1000360,Skirt - 29 Foot,494.53,189.12,1993-04-16,384.0,18,1896,13,868
1000361,Seedlings - Clamshell,317.94,78.28,1996-01-10,108.84,48,1839,9,346
1000362,"Tart Shells - Barquettes, Savory",354.83,282.07,1990-05-03,323.6,33,2947,1,285
1000363,Wine - Coteaux Du Tricastin Ac,41.05,106.19,1992-08-18,381.73,24,1191,10,12
1000364,Cup Translucent 9 Oz,491.19,223.39,2011-02-16,44.55,15,25,1,252
1000365,"Zucchini - Mini, Green",247.27,176.84,2017-10-18,10.26,30,750,2,222
1000366,Samosa - Veg,262.65,18.69,1999-10-25,122.76,38,2821,10,479
1000367,V8 Splash Strawberry Banana,178.49,102.1,1993-10-23,128.33,3,126,5,746
1000368,"Wine - Bourgogne 2002, La",360.52,208.41,2015-05-25,85.82,16,411,13,148
1000369,Potatoes - Idaho 80 Count,147.46,27.56,2005-03-31,449.32,50,2131,3,442
1000370,Initation Crab Meat,89.49,288.74,2005-02-09,136.3,39,2631,12,653
1000371,Shortbread - Cookie Crumbs,258.05,195.09,2019-08-08,492.96,17,968,1,785
1000372,"Cookies - Oreo, 4 Pack",127.79,128.36,2010-06-26,29.85,13,2970,8,348
1000373,"Pasta - Elbows, Macaroni, Dry",103.24,159.2,1991-12-28,444.38,26,641,10,52
1000374,Banana Turning,429.08,60.4,2020-02-02,31.27,39,1867,2,14
1000375,Kirsch - Schloss,77.8,215.69,2010-07-29,144.62,10,197,12,839
1000376,Wine - Champagne Brut Veuve,210.68,166.46,2007-03-15,201.16,3,437,4,682
1000377,Gingerale - Diet - Schweppes,353.51,183.5,2001-05-14,437.62,48,507,8,591
1000378,Beef - Short Ribs,409.58,208.45,2008-11-15,144.41,1,2196,4,564
1000379,Wine - Riesling Dr. Pauly,285.87,134.6,1992-05-26,199.85,22,659,3,832
1000380,"Red Snapper - Fresh, Whole",366.48,216.91,2007-11-21,357.27,42,2218,9,835
1000381,Vanilla Beans,230.7,219.77,2016-10-23,66.69,8,186,12,770
1000382,Carbonated Water - Blackberry,470.48,239.73,1991-07-22,247.61,44,797,7,698
1000383,Table Cloth 62x114 White,222.31,178.38,2007-11-11,200.13,47,1308,7,904
1000384,Muffin Mix - Blueberry,70.06,164.74,2000-06-08,251.17,49,157,13,888
1000385,Vinegar - Cider,97.82,231.76,1999-01-14,425.82,33,1414,7,16
1000386,Pears - Fiorelle,173.89,93.2,1997-01-05,349.86,50,2625,10,350
1000387,Bouq All Italian - Primerba,237.15,238.44,2017-09-02,449.18,16,1231,14,531
1000388,Lettuce - Curly Endive,31.06,290.65,2006-09-04,222.74,9,50,5,63
1000389,Wine - Fino Tio Pepe Gonzalez,68.84,16.91,2005-02-02,244.5,39,2792,9,66
1000390,Shrimp - Black Tiger 26/30,324.11,114.7,1990-12-09,401.35,8,680,10,888
1000391,Wine - Magnotta - Cab Sauv,412.7,204.57,2000-01-31,186.83,50,2092,12,505
1000392,Bread - Wheat Baguette,306.48,219.84,2003-05-06,145.35,26,44,13,724
1000393,Curry Powder Madras,95.52,138.18,2009-12-19,404.05,41,312,3,255
1000394,Oil - Olive,261.97,168.48,2009-09-12,491.32,15,2845,8,334
1000395,Ice Cream - Strawberry,452.9,100.78,2002-11-23,461.76,2,1291,13,756
1000396,Wine - Gewurztraminer Pierre,23.22,100.34,2004-05-03,59.74,48,198,14,978
1000397,Napkin - Beverage 1 Ply,353.05,199.36,2001-07-05,53.95,42,1104,11,689
1000398,Nutmeg - Ground,133.84,5.33,2010-01-15,173.01,21,2299,5,984
1000399,Jam - Apricot,179.94,57.11,2007-03-25,48.18,43,429,11,816
1000400,"Doilies - 8, Paper",472.49,90.9,1993-08-31,74.86,46,1029,4,273
1000401,Goat - Leg,6.77,141.87,2019-11-26,53.11,36,788,14,296
1000402,Broccoli - Fresh,307.1,245.19,2010-09-16,165.32,9,906,12,94
1000403,Soup Campbells Beef With Veg,255.22,221.03,1994-09-17,281.57,12,2849,6,691
1000404,Cake - Lemon Chiffon,415.8,279.72,1990-08-17,420.37,33,2763,14,48
1000405,Coffee Cup 16oz Foam,444.59,210.4,1991-10-06,403.94,50,1168,10,918
1000406,V8 - Tropical Blend,425.75,185.93,2000-09-19,140.25,49,1927,2,216
1000407,Bread - Wheat Baguette,325.09,209.47,2003-02-08,63.16,25,2929,11,26
1000408,Potato - Sweet,109.67,224.45,2009-10-19,42.4,41,54,9,141
1000409,Wine - Periguita Fonseca,388.93,153.96,2013-12-03,202.29,1,2528,5,763
1000410,Snapple - Mango Maddness,25.43,257.34,2017-03-07,90.04,24,2418,13,640
1000411,"Pepper - Chillies, Crushed",192.82,56.36,1999-12-23,345.4,11,316,2,215
1000412,Scampi Tail,199.06,292.68,2000-06-02,218.36,39,1264,14,349
1000413,Praline Paste,104.06,263.05,1990-04-05,232.69,47,2975,6,646
1000414,Aspic - Amber,292.79,199.14,2000-01-11,205.91,50,2257,11,423
1000415,Greens Mustard,174.44,71.16,2019-08-28,252.71,37,2035,13,518
1000416,Emulsifier,424.49,281.28,2014-12-01,228.27,42,2454,5,27
1000417,Extract - Lemon,471.6,284.02,2003-09-07,19.26,15,2866,12,19
1000418,Soup - Chicken And Wild Rice,287.21,184.54,2016-10-29,84.11,8,1976,5,413
1000419,Vodka - Smirnoff,191.94,222.29,1999-02-08,137.06,30,2243,6,414
1000420,"Pepper - Julienne, Frozen",294.93,165.45,2008-09-27,340.32,38,1835,3,657
1000421,"Soup - Canadian Pea, Dry Mix",133.33,51.77,2016-06-11,171.52,11,1819,8,311
1000422,Mushroom - Portebello,398.62,228.11,2014-11-06,112.03,24,2671,1,285
1000423,Myers Planters Punch,423.44,137.93,2004-03-25,306.66,19,1220,5,666
1000424,Chocolate Bar - Coffee Crisp,49.92,133.23,1998-06-06,369.4,27,2550,7,619
1000425,Trueblue - Blueberry,192.38,179.41,1999-09-05,489.92,9,2547,1,547
1000426,Wine - Barossa Valley Estate,155.04,261.93,2000-11-26,431.01,20,1015,7,511
1000427,"Star Anise, Whole",14.65,256.62,2005-02-21,261.57,21,1080,11,808
1000428,Pork - Belly Fresh,380.8,221.24,2018-10-02,222.76,4,2289,2,174
1000429,"Salmon - Atlantic, Fresh, Whole",410.23,70.5,1991-04-22,137.65,50,1060,1,704
1000430,"Pork - Bacon, Sliced",33.18,225.27,2003-08-08,118.67,4,2161,7,694
1000431,Oven Mitt - 13 Inch,6.05,66.01,1994-07-21,208.83,48,944,6,536
1000432,Longan,56.24,152.94,1999-05-10,55.73,9,1068,13,358
1000433,Shallots,138.61,102.51,1996-10-13,306.64,47,2508,8,428
1000434,Carbonated Water - Raspberry,12.8,263.48,2008-11-08,21.15,31,1978,11,898
1000435,Wild Boar - Tenderloin,297.57,12.88,2014-03-08,166.46,10,403,6,299
1000436,Sauce - Hoisin,101.31,85.7,2010-05-07,337.47,28,2704,7,472
1000437,Coffee - Irish Cream,347.39,296.46,2004-01-25,84.2,41,1828,2,966
1000438,Ecolab - Power Fusion,320.67,55.54,2018-05-19,203.43,31,817,3,763
1000439,Assorted Desserts,442.41,285.48,2014-02-01,7.02,45,1777,8,9
1000440,"Bread - Bagels, Plain",300.48,161.55,2006-02-07,431.2,40,182,9,451
1000441,Pepper - Roasted Red,189.92,161.46,1994-09-17,152.23,1,2759,10,44
1000442,Ginsing - Fresh,444.65,116.61,1999-05-08,309.53,18,2845,13,138
1000443,Lamb - Loin Chops,19.14,257.72,2012-10-27,110.54,33,1982,8,849
1000444,"Pork - Tenderloin, Fresh",101.36,266.2,1991-01-06,130.9,31,2213,6,999
1000445,Wine - Tribal Sauvignon,197.02,87.01,2009-07-03,121.01,44,2354,2,264
1000446,"Lamb - Leg, Diced",139.14,152.22,1996-11-09,31.74,47,714,1,91
1000447,Wine - Delicato Merlot,45.13,128.38,2001-06-11,444.87,24,421,12,511
1000448,Chick Peas - Dried,107.0,135.55,2015-10-30,448.43,32,1711,5,231
1000449,Mussels - Cultivated,142.88,276.73,2007-08-21,186.3,22,2870,8,111
1000450,Onions - Cippolini,144.83,271.21,2007-08-12,260.72,47,723,12,365
1000451,Butter Sweet,73.54,58.9,2013-11-16,449.31,4,2865,5,325
1000452,Flour - Semolina,68.18,26.33,2005-04-27,385.58,8,1326,10,649
1000453,"Chilli Paste, Ginger Garlic",246.69,111.19,2007-10-30,126.78,34,2624,2,561
1000454,Banana - Leaves,132.35,188.27,2014-08-01,420.87,16,1153,11,569
1000455,Pie Filling - Cherry,227.73,175.35,2008-02-20,18.19,28,1480,14,52
1000456,Cookie Chocolate Chip With,464.44,281.55,2016-11-11,478.88,19,952,14,934
1000457,"Artichoke - Hearts, Canned",32.22,65.15,2008-08-12,308.18,21,1112,5,431
1000458,Cheese - Cambozola,77.9,159.14,2002-01-20,469.56,17,2546,13,183
1000459,Ginsing - Fresh,202.32,60.22,1995-11-23,92.56,28,2206,12,661
1000460,"Beans - Black Bean, Dry",315.66,245.52,2015-02-07,36.97,46,2641,10,943
1000461,Cheese - Feta,393.35,276.3,1992-03-14,194.22,38,2646,10,592
1000462,Bread - Pumpernickel,378.79,206.06,2002-09-14,204.46,14,293,11,66
1000463,Sauce - Oyster,186.87,91.33,1994-01-24,410.7,22,151,7,177
1000464,Muffin Mix - Raisin Bran,240.37,35.28,2014-05-12,98.2,49,1903,6,622
1000465,Veal Inside - Provimi,90.59,19.91,2006-04-09,110.56,10,1246,1,164
1000466,Bagel - Ched Chs Presliced,66.58,118.59,2013-03-25,465.77,15,23,10,6
1000467,Wine - Sake,143.16,225.72,2003-08-14,147.46,47,217,1,725
1000468,Longos - Assorted Sandwich,28.52,95.57,2013-11-05,26.16,37,2326,9,225
1000469,Milk - Homo,302.51,43.64,1999-06-16,77.48,27,1329,3,112
1000470,Passion Fruit,492.98,58.21,1993-08-19,239.47,27,323,8,905
1000471,"Yeast - Fresh, Fleischman",453.63,61.6,2012-10-10,247.96,25,355,4,570
1000472,Waffle Stix,82.76,40.14,1991-08-10,252.58,6,1475,7,648
1000473,Beef Ground Medium,55.56,256.61,2009-10-25,142.6,42,2865,2,63
1000474,Chinese Foods - Chicken,450.54,217.93,2001-09-10,433.02,19,2168,7,13
1000475,"Mushroom - Enoki, Dry",114.37,249.55,2012-10-21,324.75,7,1970,2,439
1000476,Coffee Caramel Biscotti,251.3,150.01,2018-03-27,72.45,20,2772,1,181
1000477,Vinegar - White,447.41,166.91,2018-12-03,384.81,27,2633,1,649
1000478,Schnappes Peppermint - Walker,275.81,116.51,2008-05-20,193.92,9,2857,9,571
1000479,"Chocolate - Semi Sweet, Calets",224.75,128.9,1999-10-17,295.65,24,2509,13,208
1000480,Truffle - Whole Black Peeled,8.97,271.3,2004-03-22,47.33,29,2448,13,522
1000481,Juice - Apple 284ml,454.78,14.07,2018-08-27,114.12,41,1666,2,14
1000482,Veal - Knuckle,53.63,52.7,2006-04-08,434.95,33,722,10,104
1000483,"Yogurt - Raspberry, 175 Gr",107.85,153.27,1997-08-15,44.67,21,2090,12,570
1000484,"Pasta - Rotini, Colour, Dry",130.78,99.62,2017-01-30,129.59,3,547,4,88
1000485,Soupfoamcont12oz 112con,8.57,292.38,1996-11-05,288.46,2,1309,3,543
1000486,Samosa - Veg,313.61,27.41,2000-10-27,478.08,25,403,7,713
1000487,Mace,399.82,57.67,1993-05-09,30.45,32,2549,9,776
1000488,Bay Leaf,344.82,3.38,1993-07-22,207.72,14,2153,1,238
1000489,Soap - Hand Soap,342.96,268.39,1992-09-18,117.94,23,1449,3,843
1000490,Nantuket Peach Orange,263.88,199.05,1998-03-13,24.61,43,2453,5,829
1000491,Bar Bran Honey Nut,141.48,119.07,2011-11-22,320.78,42,2849,7,838
1000492,Lamb - Sausage Casings,93.08,56.67,2001-03-31,148.44,39,1681,7,942
1000493,Kale - Red,143.44,22.08,2014-06-07,311.47,23,2290,1,526
1000494,"Beef - Ox Tail, Frozen",455.13,258.4,2019-04-27,306.01,6,1649,13,797
1000495,Pie Filling - Apple,115.78,241.81,1998-06-17,367.74,32,2878,9,921
1000496,Mushroom - Chanterelle Frozen,175.71,283.31,2005-05-10,164.8,12,1091,11,491
1000497,"Soup - Knorr, French Onion",18.51,22.43,1993-11-09,390.27,35,2494,3,167
1000498,Oysters - Smoked,343.28,99.37,2002-01-31,19.67,30,1496,9,412
1000499,Spinach - Frozen,433.12,104.11,1995-07-23,22.42,20,1818,7,858
1000500,Quinoa,440.77,132.89,2002-01-04,444.68,16,1484,2,814
1000501,Bacardi Breezer - Tropical,112.43,294.38,2007-12-10,80.9,41,743,8,309
1000502,Lamb - Rack,429.05,236.09,2011-05-06,408.88,9,635,6,389
1000503,Flower - Daisies,81.97,224.92,2009-02-24,25.96,19,2385,13,600
1000504,Lettuce - Lolla Rosa,283.67,197.41,2003-03-20,123.47,12,2084,7,700
1000505,Mustard Prepared,345.23,113.62,2005-07-25,405.63,6,86,11,5
1000506,Hog / Sausage Casing - Pork,429.51,100.81,1995-08-13,223.56,12,2811,8,472
1000507,Fudge - Chocolate Fudge,79.08,259.9,2019-09-23,127.97,10,30,6,328
1000508,Lettuce - Lambs Mash,247.69,56.46,1992-12-26,155.51,45,2786,8,700
1000509,"Stock - Beef, Brown",486.58,91.01,2012-04-03,191.34,18,126,11,518
1000510,"Veal - Inside Round / Top, Lean",381.34,257.31,2010-01-10,448.13,39,781,2,198
1000511,Spice - Pepper Portions,441.16,74.54,2017-05-24,473.92,36,1866,4,814
1000512,Pastry - Chocolate Marble Tea,398.92,31.6,1997-03-13,303.61,47,1201,8,776
1000513,Sauce Bbq Smokey,380.26,115.04,2010-11-28,172.39,6,1795,12,306
1000514,Pears - Bartlett,36.37,17.55,2009-04-20,142.2,41,1012,14,141
1000515,Sprouts - China Rose,304.28,12.3,1996-11-23,108.92,49,2932,5,976
1000516,Shichimi Togarashi Peppeers,203.15,214.52,2000-10-08,65.92,18,1539,7,264
1000517,Chicken - Ground,103.12,175.48,2010-08-28,420.39,19,803,4,466
1000518,Wine - Piper Heidsieck Brut,308.6,256.49,2015-03-07,128.29,32,1834,4,474
1000519,Fish - Bones,174.62,7.17,1993-07-20,222.15,31,567,10,308
1000520,Truffle Cups - Red,485.5,44.85,2007-02-08,56.79,43,218,6,358
1000521,Pastry - Lemon Danish - Mini,165.17,80.49,2001-12-16,125.14,40,2255,4,855
1000522,Plastic Wrap,177.3,148.24,2016-03-19,296.84,2,2606,8,894
1000523,Lamb - Sausage Casings,399.3,246.66,1995-05-29,207.55,13,2990,10,36
1000524,Pate Pans Yellow,141.21,280.52,2011-01-25,336.29,6,13,9,122
1000525,Yoplait - Strawbrasp Peac,240.15,43.31,2000-10-25,167.69,31,2429,13,58
1000526,Venison - Ground,410.84,127.94,1998-05-30,460.83,9,2080,12,39
1000527,"Veal - Inside, Choice",283.09,270.27,1990-06-07,407.92,27,1834,4,827
1000528,Tray - 12in Rnd Blk,44.4,25.59,2004-06-05,152.69,40,1264,1,874
1000529,Mcgillicuddy Vanilla Schnap,314.18,266.86,2000-06-23,134.07,2,2892,14,518
1000530,Soup Campbells - Tomato Bisque,122.13,112.62,1992-02-07,108.47,24,792,6,129
1000531,Wine - Acient Coast Caberne,315.01,63.81,2015-09-21,454.44,1,1524,5,608
1000532,"Sauce - Bernaise, Mix",480.98,282.17,2008-03-04,215.22,8,96,14,690
1000533,"Pork - Butt, Boneless",306.65,27.98,2003-06-17,295.22,14,1813,12,507
1000534,"Asparagus - Green, Fresh",330.03,263.97,2014-09-05,25.46,43,417,12,255
1000535,Corn Kernels - Frozen,419.8,179.94,1997-08-26,217.19,15,1653,9,503
1000536,"Sauce - Apple, Unsweetened",220.51,98.29,2007-02-16,55.64,38,1894,7,532
1000537,"Jam - Marmalade, Orange",469.5,250.19,1991-12-15,238.49,18,400,1,634
1000538,"Rum - Coconut, Malibu",343.54,80.35,2009-08-18,343.12,12,880,5,802
1000539,Soup Bowl Clear 8oz92008,425.53,185.3,2007-01-21,417.12,29,1612,12,250
1000540,Wine - Zonnebloem Pinotage,226.01,38.86,2016-09-30,364.2,23,2219,9,574
1000541,Lettuce - Arugula,362.21,175.86,2013-11-11,291.56,30,2973,10,991
1000542,Beer - Labatt Blue,297.56,168.27,1997-04-16,55.67,14,659,14,280
1000543,Rice - Brown,9.42,102.58,2012-06-13,342.03,3,1649,8,886
1000544,Wine - Fontanafredda Barolo,217.99,231.37,1996-10-15,168.1,38,457,9,239
1000545,Truffle Cups - Red,467.18,177.58,2000-09-25,90.88,25,215,11,406
1000546,Muffin Batt - Blueberry Passion,233.19,16.98,2004-05-08,214.65,36,2852,7,166
1000547,Beer - Blue,292.23,178.86,2008-09-20,231.83,5,1777,10,505
1000548,Water - Perrier,491.62,63.73,2017-06-12,7.97,29,2691,8,371
1000549,Energy - Boo - Koo,422.35,138.08,2014-11-22,484.61,30,2319,4,535
1000550,Beef - Striploin Aa,370.21,216.65,2003-03-10,14.66,3,2976,2,544
1000551,Cake - Lemon Chiffon,335.21,259.79,2018-02-12,122.45,44,1203,14,483
1000552,Table Cloth 53x53 White,368.01,62.49,1994-01-12,379.57,14,1803,13,519
1000553,Onions - Spanish,371.92,186.93,2014-02-12,76.24,3,251,4,650
1000554,Kellogs All Bran Bars,55.02,212.16,2006-07-20,353.15,28,1175,10,555
1000555,Kiwano,326.45,92.55,1997-12-15,217.9,31,934,5,634
1000556,Crush - Cream Soda,11.76,212.6,2018-09-21,146.35,28,2925,10,390
1000557,Beef Cheek Fresh,461.08,195.64,1994-05-19,44.63,34,1194,13,912
1000558,Oil - Canola,78.4,196.76,1990-12-06,491.56,8,508,13,544
1000559,Ham - Cooked,137.08,259.15,2018-12-18,261.01,13,2569,13,173
1000560,"Mushroom - Oyster, Fresh",74.79,145.53,2014-02-20,304.07,39,1298,8,931
1000561,Wine - Coteaux Du Tricastin Ac,114.33,227.28,2018-09-20,138.22,18,303,8,930
1000562,"Sparkling Wine - Rose, Freixenet",471.97,222.17,2019-11-19,488.7,28,1122,3,67
1000563,Lettuce - Escarole,264.15,264.63,2006-07-19,430.96,24,1763,14,877
1000564,Wine - Touraine Azay - Le - Rideau,78.4,181.12,2014-11-07,278.14,40,2756,6,823
1000565,Peppercorns - Green,136.44,118.34,1991-04-28,269.08,22,703,8,588
1000566,Clementine,224.01,172.46,2004-04-08,47.12,39,315,9,774
1000567,Salmon Steak - Cohoe 6 Oz,347.38,135.26,2014-12-05,71.78,41,1496,7,225
1000568,"Bread - Bagels, Mini",17.05,272.16,2008-11-16,444.39,37,2066,3,313
1000569,"Cheese - Woolwich Goat, Log",465.56,68.49,2002-11-11,388.3,38,294,3,801
1000570,Raisin - Dark,332.22,162.01,2006-09-22,186.61,40,1640,3,619
1000571,"Octopus - Baby, Cleaned",236.35,77.99,1999-11-02,120.38,12,1451,11,403
1000572,Fenngreek Seed,344.27,252.14,1990-04-27,159.22,32,126,11,121
1000573,Jam - Raspberry,327.84,235.57,2011-02-11,95.02,24,2606,1,99
1000574,"Juice - Cranberry, 341 Ml",113.73,29.59,1996-09-05,153.19,3,125,10,979
1000575,"Yeast - Fresh, Fleischman",456.0,53.34,1999-08-17,296.68,24,852,6,662
1000576,Beans - Kidney White,342.4,246.27,2000-03-02,57.61,36,2481,2,86
1000577,Chick Peas - Dried,69.65,135.4,2007-08-27,214.61,47,2039,11,410
1000578,Pear - Asian,217.27,93.02,2010-05-28,448.6,27,1484,3,607
1000579,Cranberries - Dry,103.68,145.51,2016-11-19,407.57,1,254,10,830
1000580,Sugar - Palm,14.72,219.71,1998-01-15,307.78,29,2688,12,8
1000581,Chinese Foods - Pepper Beef,352.92,277.56,2013-11-14,357.15,3,2504,4,668
1000582,Cognac - Courvaisier,167.67,176.97,2005-08-16,408.24,49,2157,10,804
1000583,Cake - Lemon Chiffon,77.35,26.41,1990-04-06,303.68,14,2703,8,932
1000584,Soho Lychee Liqueur,66.19,214.94,1995-09-25,93.01,31,449,7,683
1000585,Cinnamon - Stick,133.93,187.4,2003-06-23,398.82,37,1999,11,199
1000586,"Soup - Campbells, Creamy",422.5,261.28,2008-03-08,9.41,45,1391,9,234
1000587,"Cod - Salted, Boneless",42.41,212.58,1993-06-02,481.47,6,952,4,875
1000588,Rosemary - Dry,175.06,251.9,2012-02-24,256.01,18,4,5,333
1000589,Extract - Lemon,102.45,43.8,1995-11-23,27.13,12,738,7,559
1000590,"Trout - Hot Smkd, Dbl Fillet",407.07,200.96,2010-04-17,369.09,34,2801,13,905
1000591,"Chocolate - Pistoles, White",388.56,281.33,2009-03-25,311.08,28,1769,3,497
1000592,"Juice - Tomato, 10 Oz",342.01,282.77,2007-05-26,94.1,13,1353,7,93
1000593,Bread - Frozen Basket Variety,280.23,102.36,2001-06-18,497.8,28,1049,14,417
1000594,Cheese - Perron Cheddar,473.3,293.88,2011-05-07,372.14,4,2271,8,640
1000595,Silicone Parch. 16.3x24.3,440.63,61.6,2004-09-03,57.88,42,1161,5,247
1000596,Tea - Green,157.34,156.15,1994-07-16,133.36,35,779,2,369
1000597,Cheese - Cream Cheese,411.14,234.17,2014-06-16,212.51,41,2186,1,501
1000598,Soap - Mr.clean Floor Soap,235.94,96.07,2019-04-17,35.74,42,1957,8,203
1000599,Cabbage - Savoy,482.19,70.56,2003-09-23,491.44,16,834,10,850
1000600,"Rum - Coconut, Malibu",148.67,199.59,2017-11-10,181.42,3,1333,13,862
1000601,Salt - Kosher,397.12,77.63,1999-01-27,216.96,2,2906,9,511
1000602,Jicama,106.92,180.61,1996-06-13,31.03,4,1149,10,128
1000603,"Pepper - Paprika, Spanish",273.17,27.51,2006-07-13,272.56,6,2366,12,849
1000604,Oil - Pumpkinseed,351.64,11.13,2019-02-22,323.66,13,1673,8,421
1000605,Towels - Paper / Kraft,279.77,100.68,1991-11-27,224.02,4,566,11,698
1000606,Coffee - Egg Nog Capuccino,371.77,2.94,1995-07-08,122.79,20,713,1,231
1000607,Cheese - Shred Cheddar / Mozza,59.38,20.72,1990-05-31,168.63,17,1239,8,48
1000608,Coriander - Seed,335.37,265.38,1993-11-24,41.1,22,776,5,103
1000609,Sprouts - China Rose,425.53,91.1,1993-12-22,51.15,47,2690,9,13
1000610,"Tarragon - Primerba, Paste",250.21,274.63,2011-07-29,371.06,4,498,14,427
1000611,"Pasta - Gnocchi, Potato",487.16,249.24,2018-07-09,392.21,32,635,13,711
1000612,"Salmon - Atlantic, No Skin",351.36,183.78,2009-03-01,350.94,5,732,2,215
1000613,Flour - Semolina,329.47,36.82,2010-04-18,443.75,23,2013,10,250
1000614,Bread - Multigrain Oval,387.13,29.08,2006-06-19,207.09,31,2962,8,785
1000615,Pastry - Raisin Muffin - Mini,448.99,179.06,2007-03-14,163.65,33,2067,5,758
1000616,Cookies - Englishbay Oatmeal,464.37,158.36,1995-01-02,113.87,44,98,1,30
1000617,Hold Up Tool Storage Rack,153.7,139.25,2005-09-20,22.29,9,1720,14,863
1000618,"Tomatoes - Cherry, Yellow",42.16,274.1,2019-10-29,120.32,20,2400,8,757
1000619,"Vodka - Hot, Lnferno",145.91,97.26,2010-12-21,213.72,28,1952,2,757
1000620,Island Oasis - Sweet And Sour Mix,289.36,218.4,1997-01-03,248.05,27,1732,14,639
1000621,Muffin Batt - Ban Dream Zero,411.14,209.87,1999-10-25,496.25,20,243,11,448
1000622,Cocoa Powder - Natural,174.9,277.73,2004-10-02,359.66,29,2402,10,582
1000623,Chick Peas - Dried,486.72,161.1,1996-10-10,34.85,49,503,8,237
1000624,Curry Paste - Green Masala,408.13,144.66,2017-04-23,291.18,16,2632,10,600
1000625,Compound - Rum,403.62,227.78,1997-04-27,217.89,21,2624,2,906
1000626,Hinge W Undercut,100.24,141.55,2000-09-19,329.32,44,1055,9,608
1000627,Wine - Gewurztraminer Pierre,417.91,157.25,1993-04-11,421.91,15,192,11,8
1000628,Wasabi Powder,135.31,186.67,2013-04-28,226.09,28,687,7,550
1000629,Lobster - Tail 6 Oz,238.84,217.3,2019-05-26,135.58,13,553,13,64
1000630,Table Cloth 54x72 Colour,60.38,48.94,1995-11-07,23.44,49,1772,7,771
1000631,Pate - Liver,463.67,275.16,2006-10-04,273.27,46,1262,11,414
1000632,Cookies Cereal Nut,403.48,265.53,2016-01-15,184.61,9,2136,3,829
1000633,Oven Mitts - 15 Inch,356.74,92.62,2005-12-24,149.14,24,1062,14,588
1000634,Lamb - Shanks,267.3,261.09,1993-04-03,104.86,27,2960,2,109
1000635,Fruit Mix - Light,213.0,184.07,1991-08-29,265.32,43,2865,2,946
1000636,Pepper - Chili Powder,71.68,14.26,1991-06-08,446.49,41,2480,13,598
1000637,Puree - Raspberry,355.09,91.8,2004-07-15,372.84,42,1644,3,745
1000638,Table Cloth 62x114 Colour,274.47,51.44,2010-06-20,293.31,33,168,9,714
1000639,Soup - Campbells Bean Medley,329.58,131.94,1990-12-21,471.59,43,1312,9,412
1000640,Cheese - Colby,35.19,126.31,1997-08-16,71.61,29,1353,13,896
1000641,Flower - Commercial Bronze,342.54,71.5,2019-07-01,131.65,11,2696,12,7
1000642,Pop - Club Soda Can,422.68,274.48,2015-09-25,221.22,3,2142,5,926
1000643,Wanton Wrap,175.7,205.43,2014-03-04,38.38,46,1356,8,540
1000644,Miso - Soy Bean Paste,181.76,5.96,1998-01-05,184.47,22,1636,3,708
1000645,Parsley - Dried,492.27,254.43,2016-05-01,289.26,17,2412,9,225
1000646,Sole - Iqf,454.95,17.97,1990-09-07,265.39,36,2971,3,303
1000647,"Wine - White, French Cross",127.51,114.66,2004-07-09,337.0,11,1454,14,473
1000648,Carbonated Water - Orange,36.26,247.66,2005-12-20,139.18,34,2069,2,758
1000649,Beer - Upper Canada Light,387.93,32.27,2008-06-17,385.96,37,1141,4,40
1000650,Wine - Gewurztraminer Pierre,169.77,189.91,1997-10-25,231.28,35,1387,7,767
1000651,Compound - Orange,314.4,12.53,2007-03-20,239.31,46,1771,13,336
1000652,Syrup - Monin - Blue Curacao,258.23,187.56,1991-04-15,435.85,24,8,1,900
1000653,"Pork - Butt, Boneless",390.89,239.41,2017-02-17,242.89,10,1114,6,749
1000654,Tilapia - Fillets,56.21,244.57,2009-08-19,239.23,18,203,7,250
1000655,Appetizer - Mango Chevre,314.88,50.63,1993-02-18,397.12,49,2660,13,684
1000656,Okra,288.27,38.17,2005-01-13,7.7,33,2976,5,382
1000657,"Chocolate - Pistoles, White",211.74,177.58,2011-06-13,286.33,1,2058,11,855
1000658,Tomato - Green,398.62,36.23,1997-08-01,5.44,50,147,10,51
1000659,"Juice - Cranberry, 341 Ml",172.11,60.76,2018-02-01,197.47,34,1434,4,788
1000660,Ecolab - Balanced Fusion,210.66,80.11,2008-02-04,117.69,35,2933,5,291
1000661,Cake - Cheese Cake 9 Inch,52.42,238.35,1995-04-15,435.59,22,1487,3,696
1000662,Oven Mitts 17 Inch,420.16,47.7,2005-02-27,367.56,2,162,8,780
1000663,Lettuce - Belgian Endive,298.28,243.22,1995-07-16,480.19,45,2791,6,711
1000664,Ice Cream - Chocolate,354.96,274.25,2000-04-05,329.59,14,2733,11,18
1000665,Onions - Spanish,180.6,297.45,2009-10-08,399.61,18,2642,7,106
1000666,"Lemonade - Mandarin, 591 Ml",181.56,160.94,1992-08-16,208.52,39,2179,14,530
1000667,Nescafe - Frothy French Vanilla,325.34,86.61,1999-09-19,142.2,12,671,7,21
1000668,Juice - Prune,280.2,230.0,2015-02-12,209.13,20,1477,1,766
1000669,Flower - Leather Leaf Fern,446.68,100.81,2007-05-22,8.64,44,1664,10,447
1000670,"Olives - Green, Pitted",71.55,70.64,2013-04-06,93.24,2,2854,1,220
1000671,Lettuce - Lolla Rosa,157.02,284.77,2003-07-10,293.76,1,144,13,112
1000672,Paper Cocktail Umberlla 80 - 180,290.31,270.98,2007-09-19,286.84,13,2300,11,188
1000673,Tandoori Curry Paste,305.85,93.77,2015-10-14,124.15,3,199,5,125
1000674,Beer - Creemore,258.85,41.44,2004-03-12,6.86,6,882,7,117
1000675,Cake Slab,114.02,295.57,1998-03-24,71.14,39,879,1,831
1000676,Island Oasis - Ice Cream Mix,179.34,252.75,1998-01-06,268.7,5,339,12,147
1000677,Island Oasis - Wildberry,262.21,203.77,2001-11-12,233.86,34,2209,7,928
1000678,Beer - Labatt Blue,265.38,61.65,2012-04-02,22.62,23,2489,10,749
1000679,"Melon - Watermelon, Seedless",31.77,60.2,1995-04-14,133.71,38,2064,1,772
1000680,Spinach - Spinach Leaf,228.58,115.71,2016-06-16,69.43,11,257,7,242
1000681,Cheese - Gouda Smoked,340.37,185.23,1999-11-26,89.69,7,1816,13,887
1000682,Beef Ground Medium,290.03,94.63,2012-07-27,57.61,45,2258,9,209
1000683,"Yogurt - Peach, 175 Gr",283.95,264.21,2016-01-01,116.81,10,2890,14,318
1000684,Compound - Orange,419.9,96.29,2006-01-04,32.03,36,1112,14,884
1000685,Dawn Professionl Pot And Pan,298.54,259.23,1998-11-16,245.46,18,551,7,56
1000686,Lighter - Bbq,293.83,97.17,1999-06-10,137.96,34,1992,1,379
1000687,Myers Planters Punch,186.05,288.43,2004-06-10,281.52,46,1491,1,934
1000688,"Salmon - Atlantic, No Skin",319.43,235.5,2005-05-26,138.32,6,644,12,996
1000689,Flower - Commercial Bronze,440.27,166.38,2019-03-26,272.89,9,372,9,804
1000690,"Chicken - Base, Ultimate",337.04,240.84,2014-10-13,437.32,18,2951,8,739
1000691,Beef Flat Iron Steak,420.62,57.33,2013-08-01,148.38,43,1314,9,348
1000692,Lentils - Green Le Puy,324.97,122.6,1992-08-01,250.14,36,2494,1,246
1000693,Lamb Leg - Bone - In Nz,433.53,198.21,2015-09-01,158.58,26,860,4,196
1000694,"Wine - Harrow Estates, Vidal",265.81,59.73,1992-06-25,198.13,40,593,11,17
1000695,Remy Red Berry Infusion,369.64,96.16,1991-10-04,478.05,43,140,10,222
1000696,Soup - Campbells Beef Stew,406.83,29.62,2012-11-05,16.48,17,2,2,343
1000697,"Coconut - Creamed, Pure",374.49,150.74,2006-01-07,154.8,13,2912,7,77
1000698,Squash - Guords,163.52,199.89,2002-08-06,317.26,11,1081,2,551
1000699,Beer - Labatt Blue,274.27,6.1,1993-04-19,431.58,45,2247,14,406
1000700,Celery Root,78.56,126.05,2009-09-21,378.09,39,1105,14,733
1000701,Sherbet - Raspberry,114.45,207.02,1999-06-12,261.6,19,2344,1,787
1000702,Blueberries - Frozen,248.59,31.95,1991-01-23,480.23,26,1211,5,145
1000703,Oil - Shortening - All - Purpose,334.62,197.25,2007-11-06,348.83,28,697,5,124
1000704,Breadfruit,126.27,7.93,1996-01-12,251.63,29,2766,11,295
1000705,Bread - Flat Bread,22.66,82.2,1995-06-26,342.48,39,1995,2,116
1000706,Myers Planters Punch,407.53,151.43,1996-08-10,396.06,14,2413,7,743
1000707,"Cherries - Bing, Canned",404.94,4.37,2016-02-14,107.6,29,1310,11,616
1000708,Bagelers - Cinn / Brown,416.4,212.28,1990-04-24,248.79,47,2136,12,151
1000709,Veal - Leg,465.94,20.71,2006-08-11,366.18,35,2064,1,171
1000710,Berry Brulee,350.42,197.16,2013-09-19,390.38,10,1430,8,299
1000711,Wine - Toasted Head,164.83,133.17,1995-10-07,347.53,32,2187,7,514
1000712,Ice Cream Bar - Rolo Cone,262.85,289.06,1998-06-03,442.88,41,42,12,970
1000713,"Sauce - White, Mix",418.12,17.19,2012-12-14,351.76,42,2837,9,763
1000714,Apricots - Dried,203.66,16.48,1992-12-30,196.46,39,973,2,377
1000715,Bagel - Sesame Seed Presliced,258.87,288.04,1993-03-15,171.04,46,6,11,25
1000716,"Pepper - Paprika, Hungarian",41.0,181.55,2014-09-21,143.61,26,2532,12,917
1000717,Soup - Campbells Mushroom,317.41,196.26,2019-06-22,48.21,44,173,9,610
1000718,Soup - Campbells - Tomato,212.99,90.33,1999-10-22,285.6,12,1019,1,931
1000719,Wine - Cava Aria Estate Brut,471.58,220.47,2007-10-13,349.92,48,1498,11,489
1000720,Pepper - Chili Powder,400.02,273.06,2004-05-03,479.39,21,2671,14,906
1000721,Island Oasis - Strawberry,463.35,129.04,2003-07-18,304.21,24,54,8,877
1000722,Apricots - Dried,207.99,284.32,2008-09-05,343.71,2,1026,4,348
1000723,Rosemary - Dry,293.79,143.71,2001-02-26,81.82,12,1072,6,481
1000724,Wine - Magnotta - Pinot Gris Sr,92.9,256.56,2012-03-14,350.1,44,1869,5,149
1000725,"Lentils - Green, Dry",458.94,260.28,2009-02-11,123.53,34,897,12,610
1000726,Scallops 60/80 Iqf,124.7,87.19,2013-05-01,153.92,12,77,8,368
1000727,"Pork - Loin, Bone - In",190.17,66.19,2013-08-20,177.22,38,2338,6,540
1000728,Turkey - Ground. Lean,222.78,221.31,1990-06-10,492.27,13,2669,10,863
1000729,Bread - Petit Baguette,414.69,178.5,2014-04-15,402.4,6,744,6,379
1000730,Langers - Mango Nectar,147.58,288.49,2008-07-10,483.92,7,1571,5,610
1000731,Scallops - 20/30,478.12,214.81,2018-06-20,219.65,27,2071,10,13
1000732,"Chicken - Diced, Cooked",310.83,236.28,2015-11-30,265.76,18,1107,7,746
1000733,Brandy Apricot,332.18,227.38,2000-08-22,247.9,39,1996,14,382
1000734,Cabbage - Red,203.57,5.66,2011-08-01,271.66,40,2532,6,716
1000735,Bread - Raisin Walnut Oval,167.76,286.66,1998-04-02,287.12,32,1637,13,599
1000736,"Wine - Saint - Bris 2002, Sauv",339.22,156.35,1994-08-04,123.15,15,2614,2,715
1000737,Mangoes,489.71,197.94,2016-01-25,421.97,29,2950,14,42
1000738,Beef - Sushi Flat Iron Steak,401.44,276.58,2001-07-01,46.08,32,920,1,859
1000739,Wine - Pinot Noir Pond Haddock,343.74,31.01,2007-11-08,495.62,28,2928,13,871
1000740,Nantucket - Kiwi Berry Cktl.,146.99,250.99,1992-09-01,16.31,8,1439,1,358
1000741,Spice - Greek 1 Step,10.79,163.15,2008-02-04,56.66,29,370,4,413
1000742,Hand Towel,369.83,205.72,2013-10-22,125.67,6,391,13,555
1000743,Ginger - Fresh,91.49,67.9,2015-06-19,263.41,40,2585,2,323
1000744,Appetizer - Shrimp Puff,329.11,196.33,2007-05-15,479.08,9,199,11,16
1000745,Temperature Recording Station,21.33,43.5,2014-07-12,463.73,46,1473,9,694
1000746,Wine - Sauvignon Blanc Oyster,198.68,180.08,2008-07-06,464.69,49,2234,12,94
1000747,Beef - Inside Round,147.89,289.98,2005-10-30,152.52,37,1719,9,444
1000748,Salami - Genova,150.53,274.33,2012-01-02,394.73,30,784,7,19
1000749,"Pasta - Penne, Lisce, Dry",17.45,137.45,1998-07-30,299.38,29,1337,5,244
1000750,Wine - Trimbach Pinot Blanc,287.12,87.22,2018-03-01,328.1,18,2784,8,914
1000751,Beef - Tender Tips,90.63,285.13,2016-08-06,281.44,3,2148,7,738
1000752,External Supplier,257.28,282.45,2017-07-28,370.95,5,1602,5,582
1000753,"Pasta - Fettuccine, Egg, Fresh",257.33,13.89,2012-06-19,38.82,15,1152,14,637
1000754,Beer - Pilsner Urquell,499.19,218.94,2002-09-26,402.31,3,1663,5,940
1000755,"Artichoke - Hearts, Canned",369.57,103.29,2011-07-31,47.1,20,2393,10,156
1000756,Broom Handle,281.8,274.2,2009-11-10,243.93,47,2252,5,428
1000757,Oil - Sesame,474.72,109.57,2008-07-04,155.91,20,2381,3,208
1000758,Grapes - Green,317.41,4.34,2013-04-16,333.29,2,299,1,898
1000759,Sprouts - Corn,351.93,194.74,1993-07-23,238.39,3,1245,1,456
1000760,Chocolate Bar - Coffee Crisp,97.84,95.85,2006-01-19,81.8,8,743,4,536
1000761,Vinegar - Cider,360.71,157.02,1994-05-05,115.5,33,2701,6,237
1000762,Raisin - Golden,263.11,140.35,2010-05-28,299.24,32,388,9,815
1000763,Trout Rainbow Whole,216.48,5.57,2008-11-24,368.81,24,457,14,311
1000764,Chicken - Bones,163.82,245.41,2007-10-11,478.75,14,1775,11,52
1000765,Broom Handle,294.25,140.14,1998-12-24,382.14,11,1709,4,193
1000766,Sage - Ground,131.33,255.42,2011-03-04,297.72,16,2126,9,580
1000767,Veal - Provimi Inside,56.57,226.31,2000-09-26,94.76,19,201,6,570
1000768,Wine - Sogrape Mateus Rose,311.52,260.49,2003-02-23,442.5,40,2679,8,304
1000769,Potatoes - Idaho 100 Count,342.03,21.48,2010-02-19,220.63,2,2178,11,561
1000770,Beer - Creemore,205.36,293.31,2007-05-15,23.3,31,879,9,400
1000771,"Veal - Round, Eye Of",335.5,148.35,1993-12-17,13.52,4,2486,3,602
1000772,Napkin White - Starched,295.12,26.29,1991-10-06,307.2,46,1045,11,405
1000773,"Pepsi, 355 Ml",347.52,289.07,2008-10-19,181.75,30,1092,12,963
1000774,Oil - Canola,50.65,18.76,2017-06-20,221.78,16,556,6,243
1000775,"Cheese - Brie,danish",115.83,180.17,2019-11-11,293.21,48,919,1,691
1000776,"Chicken - Leg, Fresh",141.71,36.68,1997-09-30,121.38,21,236,10,675
1000777,Jam - Raspberry,379.3,191.47,2019-08-02,91.77,27,1663,13,677
1000778,"Wine - Sherry Dry Sack, William",323.86,122.67,2005-10-14,288.25,21,1864,2,485
1000779,Bar Special K,22.4,209.51,2002-10-13,157.74,8,1832,14,950
1000780,Oil - Shortening - All - Purpose,136.91,79.99,1994-11-21,150.38,26,1484,6,293
1000781,Chocolate - Unsweetened,476.88,196.16,1990-04-25,224.07,5,2625,1,418
1000782,Vinegar - Cider,93.78,107.6,2010-01-01,74.08,41,2336,5,761
1000783,Shiro Miso,44.66,245.15,2013-06-05,398.99,2,2966,2,317
1000784,Duck - Whole,233.19,186.45,2009-04-18,201.21,23,2549,6,990
1000785,Wiberg Cure,207.39,216.84,2000-06-07,227.7,7,716,13,172
1000786,Soup - Campbells Chili,64.28,1.06,2009-10-31,464.7,3,641,5,745
1000787,"Beef - Ground, Extra Lean, Fresh",303.4,183.37,2019-01-21,255.89,49,1555,5,302
1000788,Sour Cream,135.13,111.44,2012-03-19,496.15,26,1448,1,38
1000789,Bread - Raisin,301.09,238.76,1990-08-07,59.37,11,2354,2,31
1000790,Salmon - Canned,365.4,72.16,1993-05-11,346.02,24,1620,9,492
1000791,Juice - Orangina,397.06,172.21,2017-12-25,354.98,49,2587,11,148
1000792,Sauce - Soy Low Sodium - 3.87l,108.7,113.66,2020-01-29,493.38,48,1156,11,6
1000793,Grand Marnier,417.67,31.96,2007-01-12,476.16,1,2085,11,415
1000794,Truffle Cups - White Paper,423.08,157.93,2019-10-11,373.25,3,1697,2,100
1000795,Pail With Metal Handle 16l White,71.56,191.82,2020-02-26,366.82,29,1061,1,451
1000796,Glucose,23.1,104.62,2017-05-14,33.44,18,931,6,80
1000797,Juice - Ocean Spray Kiwi,117.85,178.26,2016-01-31,96.73,30,2956,13,678
1000798,Wine - Alsace Gewurztraminer,44.92,276.3,1994-11-12,341.61,4,1157,5,608
1000799,"Beets - Candy Cane, Organic",273.17,250.08,2019-04-05,238.39,18,2515,13,345
1000800,Wine - Barbera Alba Doc 2001,444.82,228.64,1997-02-20,392.97,20,2833,4,956
1000801,Soup - Campbells Mushroom,447.58,55.78,2016-01-13,154.67,29,2467,12,418
1000802,"Tart Shells - Barquettes, Savory",339.69,222.24,2000-02-15,90.74,9,556,13,658
1000803,Veal - Ground,105.19,128.21,2010-03-14,29.26,39,2758,4,12
1000804,Water - Spring Water 500ml,383.29,268.13,2017-06-02,100.61,25,1268,14,727
1000805,Olive - Spread Tapenade,377.74,124.1,1992-10-15,95.51,30,2298,3,624
1000806,Wine - White Cab Sauv.on,212.19,224.33,2017-10-05,448.98,43,2642,10,241
1000807,Bagelers - Cinn / Brown Sugar,459.58,275.38,1990-11-26,312.14,6,348,10,324
1000808,Roe - White Fish,430.65,250.98,2017-09-01,308.68,10,1502,2,150
1000809,Broom Handle,364.71,180.46,1998-12-22,469.05,18,2177,4,698
1000810,Wine - Sauvignon Blanc,200.81,272.3,2009-07-31,149.76,3,589,7,100
1000811,"Bread - Roll, Italian",31.71,10.03,1992-06-25,245.22,36,2238,11,713
1000812,"Brownies - Two Bite, Chocolate",395.64,270.5,2003-10-15,402.97,24,380,1,41
1000813,Wine - Kwv Chenin Blanc South,488.14,84.51,1995-08-29,474.8,49,759,10,130
1000814,Juice - Lemon,204.22,131.67,2018-10-18,264.09,47,2437,1,358
1000815,"Pork - Sausage, Medium",112.32,22.77,2007-10-20,449.69,6,187,7,588
1000816,"Lamb - Racks, Frenched",421.34,176.76,2018-12-29,423.52,28,2466,8,726
1000817,Oil - Margarine,16.94,43.14,1998-05-29,173.41,29,1617,13,932
1000818,Allspice - Jamaican,149.7,126.55,2004-08-28,385.28,18,2752,12,438
1000819,Pork - Sausage Casing,296.6,280.71,2004-01-28,283.39,46,2969,3,867
1000820,"Mushroom - Chanterelle, Dry",320.97,78.84,1993-04-06,31.13,7,464,2,253
1000821,Bandage - Flexible Neon,53.93,75.44,2013-02-14,114.6,3,1096,11,718
1000822,Beans - Soya Bean,256.5,299.75,2020-03-07,80.83,3,2113,13,166
1000823,"Beef - Rouladin, Sliced",4.79,203.57,2015-10-02,168.23,18,1891,6,779
1000824,Fudge - Cream Fudge,120.21,201.19,2010-11-29,499.44,5,771,4,215
1000825,"Tray - Foam, Square 4 - S",79.4,103.39,1996-11-18,116.55,23,2848,8,398
1000826,Chinese Foods - Chicken Wing,20.7,288.83,2000-12-25,341.86,41,2451,2,169
1000827,Wine - George Duboeuf Rose,181.48,289.43,1990-05-03,211.16,4,633,11,713
1000828,Carbonated Water - Lemon Lime,413.92,108.04,2013-11-21,206.62,30,2430,6,192
1000829,Tomato Paste,314.22,138.02,2019-06-28,442.64,11,1231,8,185
1000830,Jagermeister,212.19,81.77,2010-03-04,200.12,10,698,8,969
1000831,Vinegar - White,48.82,209.51,2015-11-07,49.02,17,736,5,454
1000832,Irish Cream - Butterscotch,317.02,279.72,2013-11-11,157.36,23,2184,6,933
1000833,Tea - Decaf 1 Cup,241.14,272.09,2016-01-31,384.47,38,2521,14,171
1000834,Peach - Fresh,420.39,23.83,2017-01-16,62.43,46,167,8,211
1000835,Coffee - Decafenated,327.13,262.33,2005-04-08,263.86,21,703,5,906
1000836,Salmon - Fillets,62.35,190.51,2009-03-06,11.71,30,135,6,656
1000837,Taro Root,296.4,251.1,2002-07-18,309.5,13,1519,2,273
1000838,Catfish - Fillets,348.32,226.78,2016-01-15,203.95,46,358,5,740
1000839,"Beans - Fava, Canned",179.97,220.46,1992-11-24,287.85,29,327,14,201
1000840,"Apple - Delicious, Red",20.19,199.29,2018-01-28,461.58,39,2117,10,376
1000841,Bread - Pita,312.89,77.67,1996-10-10,130.41,20,799,13,827
1000842,"Wine - White, Chardonnay",187.52,237.46,2003-12-31,437.95,35,400,6,36
1000843,Wine - Manischewitz Concord,296.89,132.56,2018-04-08,237.1,36,1408,14,421
1000844,Ocean Spray - Kiwi Strawberry,50.73,95.19,1995-03-24,242.4,4,1911,3,967
1000845,Chicken Giblets,279.71,123.11,1991-10-29,326.1,38,1475,4,38
1000846,Sea Bass - Fillets,468.41,285.89,2001-11-06,83.58,15,1568,8,834
1000847,Compound - Rum,120.23,248.97,1995-12-13,96.25,8,209,4,148
1000848,Carrots - Mini Red Organic,136.78,135.06,1998-10-30,374.83,16,2012,8,715
1000849,Mace Ground,494.9,164.28,2016-09-12,56.94,24,1256,10,614
1000850,V8 Splash Strawberry Banana,454.63,59.97,2003-11-01,57.99,30,2541,2,457
1000851,Glaze - Apricot,189.39,76.51,1997-05-08,491.51,12,953,14,592
1000852,Flour - Bread,279.36,203.06,2001-05-16,234.92,26,2609,4,891
1000853,Cafe Royale,251.48,277.39,1997-08-01,207.51,21,673,6,365
1000854,Sachet,124.58,228.41,1996-10-21,403.91,19,1348,12,42
1000855,Daves Island Stinger,328.12,129.98,2004-04-07,329.57,47,1566,14,8
1000856,Wine - Manischewitz Concord,344.54,248.98,2009-01-24,43.89,48,2058,2,749
1000857,"Chocolate - Pistoles, Lactee, Milk",480.72,251.87,1996-08-13,107.31,27,2584,4,14
1000858,"Chicken - Wings, Tip Off",41.06,256.99,1991-01-09,356.87,1,1629,2,762
1000859,"Wine - Mas Chicet Rose, Vintage",56.16,54.21,1994-08-31,49.01,5,2169,14,330
1000860,"Fish - Soup Base, Bouillon",24.47,270.64,2009-04-19,22.99,16,2494,6,846
1000861,Crackers - Water,245.17,145.48,2013-10-11,208.36,12,807,12,127
1000862,Soup - Campbells Tomato Ravioli,65.01,255.74,1995-04-30,407.99,22,2856,7,325
1000863,Grouper - Fresh,406.03,160.17,2016-08-25,160.99,33,206,14,873
1000864,Chocolate - Feathers,469.33,57.21,2013-11-20,450.32,48,2345,3,832
1000865,Turkey - Ground. Lean,255.92,259.74,2002-01-23,117.39,10,1657,9,735
1000866,Lumpfish Black,268.85,57.92,1999-01-06,302.96,39,1158,9,800
1000867,Cake - Sheet Strawberry,284.17,298.7,1997-08-02,138.86,13,1735,10,33
1000868,Soup - Campbellschix Stew,31.34,252.97,2006-08-29,125.21,11,1980,8,354
1000869,Wine - Spumante Bambino White,287.59,261.98,2011-11-09,400.03,38,418,13,434
1000870,Wine - Domaine Boyar Royal,258.43,284.06,2002-11-24,248.46,43,372,12,243
1000871,Pepper - Gypsy Pepper,477.03,248.8,2013-04-01,162.92,9,2858,12,437
1000872,Lobster - Base,436.39,224.27,2017-05-26,34.41,11,977,5,72
1000873,Extract Vanilla Pure,296.56,143.15,2009-02-03,346.79,2,858,12,877
1000874,Beef - Tender Tips,142.05,289.8,1995-05-25,142.53,31,2730,11,268
1000875,"Beer - Alexander Kieths, Pale Ale",129.47,173.51,2003-05-26,351.87,45,2735,11,443
1000876,Soup Campbells - Italian Wedding,247.51,229.72,2006-02-26,171.63,33,1711,5,8
1000877,Table Cloth 81x81 Colour,199.06,298.66,1990-04-04,74.94,33,2188,4,938
1000878,Wine - Redchard Merritt,475.16,227.84,2000-02-04,9.36,5,2935,4,495
1000879,Ocean Spray - Ruby Red,11.58,103.15,2015-06-09,472.42,30,500,7,974
1000880,Shrimp - 100 / 200 Cold Water,411.42,297.74,1996-02-29,327.42,46,212,1,679
1000881,Pie Filling - Cherry,71.28,83.25,2004-02-04,211.27,28,2565,6,982
1000882,"Soup - Campbells, Cream Of",213.05,60.63,2004-09-25,22.97,34,1046,11,432
1000883,Cafe Royale,25.06,20.09,1999-02-27,211.75,20,2694,4,304
1000884,Tomatoes - Hot House,378.87,171.97,2001-04-16,49.5,20,2034,8,118
1000885,Flower - Dish Garden,15.44,201.51,2001-08-02,165.46,43,728,5,831
1000886,"Chocolate - Milk, Callets",151.79,28.74,2008-03-10,85.89,25,2954,11,390
1000887,Wine - Charddonnay Errazuriz,165.95,165.46,1997-04-30,475.03,34,1666,4,229
1000888,Grapes - Black,232.16,47.42,1996-04-09,236.1,26,2720,11,43
1000889,Beef - Sushi Flat Iron Steak,341.93,296.31,2002-05-08,283.34,18,2404,14,317
1000890,Loquat,271.33,228.07,2000-01-11,278.4,28,2053,4,446
1000891,"Chocolate - Semi Sweet, Calets",79.99,264.55,2010-04-11,294.81,4,562,5,147
1000892,Strawberries - California,157.81,174.08,2011-03-16,22.93,40,2634,1,292
1000893,Steampan - Lid For Half Size,17.58,173.55,1993-04-13,321.53,20,1333,9,576
1000894,Soup Campbells - Italian Wedding,247.41,294.32,2002-12-01,237.01,7,1512,9,804
1000895,Wine - Alsace Gewurztraminer,363.9,217.36,2007-01-05,284.17,25,1845,7,175
1000896,Grapes - Red,480.84,96.81,2013-09-10,304.79,46,329,10,583
1000897,V8 Splash Strawberry Banana,253.4,263.92,2012-08-10,43.95,12,840,5,532
1000898,Soup - Campbells Beef Stew,253.56,19.85,2007-01-24,261.79,2,299,14,796
1000899,Wine - Cabernet Sauvignon,42.29,169.46,2011-10-24,371.51,39,756,14,496
1000900,Pear - Prickly,176.36,148.01,2019-05-04,250.58,5,990,10,435
1000901,Cocoa Feuilletine,491.15,124.37,1997-03-09,493.89,31,1223,12,539
1000902,"Jam - Raspberry,jar",281.33,8.63,1999-09-26,41.76,17,1478,14,572
1000903,"Lamb - Loin, Trimmed, Boneless",122.75,149.85,2004-02-20,436.3,14,1060,12,546
1000904,Cheese - St. Paulin,69.64,249.08,2002-07-01,340.05,10,848,1,201
1000905,Water - Spring 1.5lit,39.46,298.98,1994-01-28,447.94,4,262,1,164
1000906,Pomegranates,446.34,69.96,2014-05-09,274.48,8,1919,3,79
1000907,Cheese Cheddar Processed,248.39,186.88,1993-12-04,284.02,8,874,10,84
1000908,Peach - Fresh,227.93,198.66,2009-01-26,145.91,47,1886,14,822
1000909,Tofu - Soft,51.18,23.21,1997-04-30,380.72,4,500,3,980
1000910,Broccoli - Fresh,438.77,208.11,1994-09-28,479.72,47,2435,10,955
1000911,Chocolate - Compound Coating,28.96,291.22,2013-06-07,476.95,14,921,4,888
1000912,Cranberries - Dry,318.48,148.38,1991-02-27,227.71,14,367,1,562
1000913,Soup - Campbellschix Stew,334.64,238.74,1997-10-20,157.34,12,2466,5,769
1000914,Bagelers - Cinn / Brown Sugar,152.02,295.94,2008-10-03,224.11,13,2673,3,114
1000915,Wine - Acient Coast Caberne,263.72,75.39,2014-05-31,58.57,42,1131,6,429
1000916,Beef - Sushi Flat Iron Steak,274.72,4.51,1991-03-03,417.73,33,371,14,717
1000917,"Yogurt - Strawberry, 175 Gr",6.5,29.9,1994-11-15,297.09,40,355,8,663
1000918,"Bread - Roll, Italian",186.95,197.52,1991-10-30,368.29,25,713,7,558
1000919,"Water - Mineral, Carbonated",432.72,42.26,1997-09-17,264.04,3,513,11,87
1000920,"Wine - Red, Harrow Estates, Cab",128.61,47.73,2006-10-02,269.05,28,2345,1,125
1000921,Soup - Campbells Bean Medley,315.23,231.91,2006-04-16,242.6,4,1161,5,923
1000922,Pastry - Banana Muffin - Mini,28.73,187.65,2010-03-21,255.53,16,1385,3,603
1000923,Buttons,85.49,88.78,1999-07-18,86.75,1,2868,8,877
1000924,Wine - Winzer Krems Gruner,485.69,107.23,2000-10-28,431.51,10,2325,3,226
1000925,Kippers - Smoked,327.05,127.49,1996-04-10,181.28,31,2745,10,597
1000926,Arizona - Plum Green Tea,306.43,62.15,1991-12-09,74.02,14,2093,7,421
1000927,Island Oasis - Mango Daiquiri,135.0,29.47,1998-04-05,156.21,24,144,12,886
1000928,Emulsifier,129.9,70.61,1993-07-05,328.74,15,2998,8,992
1000929,Lotus Leaves,292.19,30.9,1995-09-20,77.65,45,2889,11,591
1000930,Pork - Caul Fat,316.85,72.64,2010-01-11,5.64,24,573,7,261
1000931,Cheese - Cambozola,437.98,72.67,2013-01-10,489.31,33,967,5,961
1000932,Wine - Vovray Sec Domaine Huet,224.69,260.08,2012-03-25,122.08,4,1738,11,638
1000933,Coffee - Decafenated,256.61,186.78,2014-01-02,127.29,45,1972,10,753
1000934,Scallops - Live In Shell,73.69,207.87,2005-12-01,284.31,41,1416,14,876
1000935,Coffee Cup 12oz 5342cd,264.9,67.72,2008-05-04,438.76,44,2042,12,492
1000936,Tamarillo,311.62,270.99,2011-08-08,347.77,22,255,6,630
1000937,Persimmons,170.37,93.96,2008-06-04,383.27,29,2129,10,35
1000938,Snails - Large Canned,111.24,217.6,2008-07-22,52.58,39,1472,12,413
1000939,Lettuce - Belgian Endive,145.58,283.37,2013-12-01,353.38,42,2105,10,40
1000940,Muffin Batt - Choc Chk,172.49,166.68,2014-03-01,99.49,12,1884,1,143
1000941,Tart - Pecan Butter Squares,43.91,279.63,1995-06-03,80.92,44,645,5,766
1000942,Blue Curacao - Marie Brizard,492.6,160.91,1993-08-10,374.27,10,2682,7,990
1000943,Sesame Seed Black,373.05,282.53,1991-06-24,40.05,15,2272,7,16
1000944,Chocolate Eclairs,185.76,181.29,1993-11-13,285.89,37,2160,8,881
1000945,Cookie Dough - Double,110.73,121.48,2009-02-27,169.39,9,1452,4,579
1000946,Wine - Taylors Reserve,330.57,146.08,1994-05-05,432.96,13,1701,10,473
1000947,Wine - Casablanca Valley,436.85,123.18,2007-07-01,75.04,48,1058,8,806
1000948,Coffee Cup 12oz 5342cd,312.59,169.34,2001-08-05,180.05,4,2759,7,392
1000949,Wine - Mondavi Coastal Private,159.18,132.74,2018-06-18,406.77,37,1012,14,421
1000950,Instant Coffee,496.21,87.63,2018-03-14,73.03,47,2737,1,813
1000951,"Pepper - Black, Whole",286.45,139.82,1996-04-14,435.88,27,548,12,105
1000952,Pear - Halves,82.44,80.37,2009-02-05,254.83,12,412,3,523
1000953,Wine - Redchard Merritt,32.8,137.77,2013-07-13,207.93,43,150,7,596
1000954,Scallops - In Shell,337.63,29.15,1991-02-25,72.83,2,441,4,391
1000955,Beer - Paulaner Hefeweisse,412.76,66.57,2010-01-21,148.92,38,1042,12,180
1000956,Curry Paste - Madras,22.23,296.18,2011-01-30,123.38,27,1843,10,992
1000957,Laundry - Bag Cloth,209.6,156.81,2007-09-27,103.07,27,1453,5,482
1000958,"Sauce - Black Current, Dry Mix",499.57,215.34,2016-11-16,144.66,50,957,12,290
1000959,Sauce - Oyster,141.65,187.01,2001-03-15,401.13,44,1704,8,60
1000960,"Croissant, Raw - Mini",44.29,117.19,1999-04-15,213.0,31,2137,3,227
1000961,Beer - Muskoka Cream Ale,273.37,153.09,2001-01-15,361.12,34,2468,8,500
1000962,Mushroom - Porcini Frozen,358.01,252.19,2017-11-22,5.07,47,2473,13,467
1000963,Sugar - Splenda Sweetener,187.4,237.1,2015-05-03,250.54,27,714,3,61
1000964,Monkfish Fresh - Skin Off,217.94,19.7,2014-06-22,471.2,30,1164,4,295
1000965,Horseradish Root,118.46,26.29,2010-03-16,335.0,23,1494,3,59
1000966,Ham - Procutinni,163.01,278.04,2002-12-26,176.08,23,170,10,20
1000967,Bread - White Epi Baguette,316.49,128.1,2006-07-18,80.58,48,261,10,125
1000968,"Wine - Red, Wolf Blass, Yellow",355.3,25.07,2006-11-01,214.16,25,238,10,282
1000969,Turkey - Oven Roast Breast,102.81,282.9,2009-01-05,372.57,42,2514,6,190
1000970,"Shrimp - Baby, Cold Water",215.93,272.3,1998-09-07,275.22,24,737,1,75
1000971,Chicken - Ground,111.53,32.69,1999-07-09,146.43,37,2703,3,899
1000972,Crackers - Soda / Saltins,324.49,95.27,2006-10-19,98.13,4,844,13,310
1000973,Pasta - Angel Hair,180.78,44.34,2002-02-11,5.29,44,2399,2,150
1000974,Soup - Campbells Beef Noodle,424.05,24.6,2010-12-27,311.04,39,1584,9,502
1000975,Chocolate - Dark,411.88,67.21,1990-05-02,200.75,18,915,10,601
1000976,Pasta - Agnolotti - Butternut,71.1,131.53,1992-01-09,163.0,2,1536,6,498
1000977,Banana Turning,131.73,171.01,1990-07-15,18.38,1,1108,11,518
1000978,Cod - Fillets,134.2,88.9,2007-12-19,178.63,28,456,14,457
1000979,Ecolab Silver Fusion,215.98,91.99,1996-05-09,118.35,21,400,4,75
1000980,Flavouring - Raspberry,229.03,268.56,2004-09-20,89.99,31,1460,11,861
1000981,Sprouts - Pea,408.36,214.13,2001-11-09,189.69,14,2389,10,597
1000982,Ostrich - Fan Fillet,281.88,64.41,2006-08-22,80.64,50,1681,4,306
1000983,"Cheese - Cheddar, Medium",466.72,119.5,2014-08-21,170.51,29,1306,3,420
1000984,Loquat,11.82,93.64,2017-11-02,405.05,39,2400,6,779
1000985,Sour Cream,364.12,156.17,2019-01-28,486.83,13,2198,7,725
1000986,Thyme - Dried,380.87,229.7,2012-11-30,398.51,25,1986,8,741
1000987,Butter Sweet,256.34,146.75,1996-03-02,340.12,44,845,14,615
1000988,Wine - Cava Aria Estate Brut,178.65,55.12,2018-02-19,99.5,34,2033,9,358
1000989,Crackers - Soda / Saltins,365.82,251.97,2020-01-07,236.56,9,2225,10,890
1000990,"Pasta - Linguini, Dry",12.96,28.97,2008-11-26,480.61,21,2173,7,714
1000991,Marzipan 50/50,194.32,297.11,2009-05-21,435.0,31,999,9,868
1000992,Icecream - Dibs,380.78,188.23,2007-07-02,416.22,45,2818,1,617
1000993,Pasta - Canelloni,85.51,17.43,2016-05-16,71.17,9,995,4,867
1000994,Juice - Cranberry 284ml,187.16,37.37,2000-06-22,271.44,33,2445,2,564
1000995,Flavouring - Rum,355.9,244.06,2006-01-15,103.48,5,445,14,902
1000996,Chocolate Bar - Reese Pieces,261.8,174.61,2007-12-28,244.85,22,2328,6,474
1000997,Energy Drink,182.36,213.01,1999-03-28,108.67,22,2513,8,920
1000998,"Bread - Pumpernickle, Rounds",281.6,223.36,2009-09-13,478.84,43,1046,8,70
1000999,"Onions - Dried, Chopped",301.66,82.98,1999-05-11,378.88,35,1920,12,144
1001000,Soup Campbells Beef With Veg,301.48,91.41,2019-09-02,238.15,6,2842,7,533
1001001,Soup Campbells Beef With Veg,301.48,91.41,2019-09-02,238.15,6,2842,1,512
1001002,Soup Campbells Beef With Veg,301.48,91.41,2019-09-02,238.15,6,2842,1,515
1001003,Soup Campbells Beef With Veg,301.48,91.41,2019-09-02,238.15,6,2842,1,519
1001004,Soup Campbells Beef With Veg,301.48,91.41,2019-09-02,238.15,6,2842,1,518
1001005,Soup Campbells Beef With Veg,301.48,91.41,2019-09-02,238.15,6,2842,1,513
1001006,Soup Campbells Beef With Veg,301.48,91.41,2019-09-02,238.15,6,2842,1,514
1001007,Soup Campbells Beef With Veg,301.48,91.41,2019-09-02,238.15,6,2842,1,521
1001008,Soup Campbells Beef With Veg,301.48,91.41,2019-09-02,238.15,6,2842,1,517
1001009,Soup Campbells Beef With Veg,301.48,91.41,2019-09-02,238.15,6,2842,1,520
1001010,Sou Beef With Veg,30.48,9.41,2018-09-02,238.1,55,1031,6,420
1001011,Sou Beef Wig,30.48,9.41,2018-09-02,238.1,55,1032,6,420
1001012,Sou Beef With Veg,30.48,9.41,2018-09-02,238.1,55,1033,6,420
1001013,Sou Be With Veg,30.48,9.41,2018-09-02,238.1,55,1034,6,420